,Weight,Height
0,49.4,168.9
1,98.6,172.0
2,95.8,168.1
3,95.8,168.1
4,23.9,119.8
5,68.7,171.6
6,85.9,173.5
7,89.0,178.7
8,63.5,166.4
9,38.5,150.5
10,96.9,186.0
11,96.9,186.0
12,96.9,186.0
13,96.9,186.0
14,84.8,171.4
15,84.8,171.4
16,84.8,171.4
17,84.8,171.4
18,81.5,167.4
19,63.2,168.7
20,53.5,143.4
21,83.7,179.4
22,17.2,96.7
23,113.1,167.3
24,80.1,179.0
25,80.1,179.0
26,80.1,179.0
27,80.1,179.0
28,55.4,164.4
29,54.7,165.0
30,72.2,178.3
31,164.9,195.0
32,164.9,195.0
33,164.9,195.0
34,84.1,171.4
35,90.1,164.7
36,97.0,175.3
37,102.4,150.5
38,12.8,90.2
39,99.4,157.8
40,99.4,157.8
41,15.2,
42,82.7,174.9
43,82.7,174.9
44,53.3,175.9
45,53.3,175.9
46,77.8,173.1
47,21.1,95.5
48,87.9,168.3
49,135.5,180.2
50,17.5,97.4
51,46.3,155.6
52,45.5,137.5
53,23.0,131.3
54,67.5,164.2
55,58.8,164.0
56,58.8,164.0
57,68.9,163.9
58,68.9,163.9
59,78.9,154.5
60,78.9,154.5
61,91.9,175.4
62,91.9,175.4
63,79.2,155.7
64,87.8,167.9
65,87.8,167.9
66,84.6,178.2
67,84.6,178.2
68,101.9,175.6
69,101.9,175.6
70,60.6,154.6
71,63.1,160.2
72,63.1,160.2
73,52.3,129.7
74,77.5,160.8
75,11.3,86.4
76,81.6,175.9
77,81.6,175.9
78,28.4,138.0
79,50.9,166.2
80,77.0,164.4
81,77.6,173.2
82,77.6,173.2
83,77.6,173.2
84,77.6,173.2
85,26.1,132.0
86,91.3,166.6
87,91.3,166.6
88,91.3,166.6
89,82.2,160.4
90,82.2,160.4
91,80.3,171.3
92,65.7,165.4
93,106.0,167.1
94,106.0,167.1
95,58.7,162.1
96,58.7,162.1
97,58.7,162.1
98,27.9,122.0
99,43.1,155.6
100,43.1,155.6
101,91.6,189.3
102,91.6,189.3
103,91.6,189.3
104,64.2,157.6
105,57.8,163.2
106,54.2,156.8
107,51.8,168.4
108,75.5,150.9
109,90.6,184.1
110,102.8,163.6
111,102.8,163.6
112,94.7,152.8
113,74.6,155.8
114,66.7,167.6
115,30.6,147.8
116,109.0,165.1
117,109.0,165.1
118,109.0,165.1
119,109.0,165.1
120,76.4,169.0
121,76.4,169.0
122,76.4,169.0
123,76.4,169.0
124,73.2,152.2
125,70.1,172.6
126,70.1,172.6
127,70.1,172.6
128,70.1,172.6
129,81.3,175.2
130,71.9,157.5
131,71.9,157.5
132,90.6,172.6
133,66.1,172.4
134,58.4,158.1
135,10.5,
136,72.3,163.1
137,72.3,163.1
138,103.0,176.8
139,96.8,178.9
140,96.4,169.3
141,96.4,169.3
142,8.6,
143,90.1,156.5
144,52.1,166.5
145,15.5,102.3
146,15.5,102.3
147,15.5,102.3
148,15.5,102.3
149,15.5,102.3
150,77.5,188.1
151,77.5,188.1
152,54.5,157.3
153,85.3,182.4
154,85.3,182.4
155,85.3,182.4
156,85.3,182.4
157,7.9,
158,72.5,160.8
159,72.5,160.8
160,75.8,171.5
161,70.2,158.0
162,85.3,173.1
163,80.5,170.5
164,80.5,170.5
165,73.2,166.1
166,47.9,141.8
167,47.9,141.8
168,64.6,159.1
169,64.0,151.7
170,11.6,
171,77.1,164.2
172,77.1,164.2
173,23.8,106.9
174,37.3,152.8
175,37.3,152.8
176,63.3,157.2
177,63.3,157.2
178,72.5,159.8
179,72.5,159.8
180,81.6,165.6
181,81.6,165.6
182,81.5,158.8
183,81.5,158.8
184,5.3,
185,59.4,160.5
186,59.4,160.5
187,89.4,172.2
188,72.8,174.0
189,88.1,155.8
190,89.7,180.6
191,89.7,180.6
192,73.3,169.3
193,29.6,135.2
194,118.2,179.9
195,65.9,174.9
196,35.8,137.7
197,148.2,175.3
198,148.2,175.3
199,58.2,160.8
200,58.2,160.8
201,58.2,160.8
202,58.2,160.8
203,73.3,190.5
204,73.3,190.5
205,73.3,190.5
206,35.7,141.5
207,53.3,155.3
208,87.2,177.1
209,87.2,177.1
210,87.2,177.1
211,54.4,157.4
212,54.4,157.4
213,54.4,157.4
214,54.4,157.4
215,94.1,162.5
216,34.0,116.6
217,34.5,142.3
218,34.5,142.3
219,34.5,142.3
220,34.5,142.3
221,,162.2
222,,162.2
223,76.8,181.9
224,117.6,171.3
225,117.6,171.3
226,117.6,171.3
227,73.0,187.6
228,73.0,187.6
229,73.0,187.6
230,73.0,187.6
231,73.0,187.6
232,36.0,150.2
233,35.7,148.6
234,98.2,168.6
235,63.3,163.1
236,66.3,160.3
237,66.3,160.3
238,66.3,160.3
239,49.0,148.6
240,49.0,148.6
241,69.6,151.0
242,51.8,164.0
243,72.1,170.3
244,87.5,174.2
245,61.2,150.7
246,78.0,158.7
247,78.0,158.7
248,78.0,158.7
249,66.7,167.4
250,66.7,167.4
251,168.1,186.5
252,103.3,177.9
253,103.3,177.9
254,44.5,135.2
255,119.7,168.8
256,119.7,168.8
257,119.7,168.8
258,107.0,170.9
259,114.4,170.2
260,12.1,
261,9.0,
262,74.2,187.3
263,61.8,148.0
264,106.1,164.2
265,15.1,92.9
266,15.1,92.9
267,54.0,166.2
268,59.7,166.5
269,59.7,166.5
270,54.7,159.8
271,96.3,168.4
272,96.3,168.4
273,55.8,157.6
274,100.0,160.7
275,131.4,173.8
276,131.4,173.8
277,37.8,140.6
278,68.0,165.5
279,91.9,166.2
280,42.5,141.1
281,42.5,141.1
282,90.1,174.4
283,67.6,158.2
284,54.8,153.4
285,73.8,168.1
286,73.8,168.1
287,73.8,168.1
288,73.8,168.1
289,73.8,168.1
290,12.3,
291,63.3,155.8
292,63.3,155.8
293,78.2,159.3
294,78.2,159.3
295,7.8,
296,71.1,173.5
297,71.8,179.1
298,71.8,179.1
299,79.1,173.1
300,68.1,152.6
301,79.8,168.9
302,55.2,162.8
303,109.0,173.8
304,98.4,176.0
305,102.0,144.8
306,61.4,151.5
307,11.1,
308,11.1,
309,81.7,146.5
310,92.1,190.4
311,16.4,105.3
312,16.4,105.3
313,16.4,105.3
314,74.8,171.6
315,20.2,114.7
316,13.1,94.8
317,7.8,
318,32.3,126.7
319,32.3,126.7
320,101.8,167.3
321,19.7,111.5
322,75.3,182.7
323,88.5,166.8
324,92.6,176.9
325,87.6,171.1
326,87.6,171.1
327,87.6,171.1
328,87.6,171.1
329,84.6,170.9
330,72.7,168.0
331,47.2,148.3
332,47.2,148.3
333,47.2,148.3
334,24.4,120.5
335,60.8,163.9
336,60.8,163.9
337,60.8,163.9
338,91.0,172.0
339,91.0,172.0
340,91.0,172.0
341,91.0,172.0
342,91.0,172.0
343,65.6,161.9
344,88.7,169.8
345,67.1,178.8
346,92.5,168.5
347,76.2,166.1
348,91.7,169.5
349,57.2,164.1
350,81.9,180.8
351,98.8,168.4
352,6.2,
353,88.7,164.8
354,61.2,172.3
355,97.4,164.5
356,97.4,164.5
357,110.4,175.5
358,83.7,170.6
359,75.7,177.5
360,25.8,112.4
361,90.3,154.1
362,90.3,154.1
363,90.3,154.1
364,90.3,154.1
365,50.1,164.9
366,50.1,164.9
367,70.7,153.7
368,21.2,114.5
369,33.4,140.3
370,99.0,177.3
371,51.6,163.6
372,90.9,161.8
373,87.9,162.0
374,67.0,169.7
375,67.0,169.7
376,88.9,149.4
377,68.6,161.2
378,68.6,161.2
379,68.6,161.2
380,78.8,177.5
381,78.8,177.5
382,78.8,177.5
383,60.2,155.0
384,53.5,159.6
385,110.4,192.8
386,110.4,192.8
387,110.4,192.8
388,24.3,120.6
389,86.5,168.3
390,61.0,157.7
391,71.3,162.3
392,71.3,162.3
393,53.4,163.6
394,53.4,163.6
395,37.9,131.5
396,17.5,105.0
397,17.5,105.0
398,94.8,172.8
399,59.9,158.0
400,14.0,94.9
401,62.6,165.9
402,62.6,165.9
403,62.6,165.9
404,91.1,171.9
405,91.1,171.9
406,91.1,171.9
407,91.1,171.9
408,91.1,171.9
409,91.1,171.9
410,91.1,171.9
411,,
412,124.4,167.3
413,103.6,172.6
414,122.4,173.7
415,122.4,173.7
416,84.3,169.2
417,42.6,160.8
418,21.6,114.1
419,12.9,90.8
420,12.9,90.8
421,12.9,90.8
422,12.9,90.8
423,74.6,183.2
424,85.7,183.7
425,85.7,183.7
426,110.4,170.6
427,76.3,181.1
428,76.3,181.1
429,125.6,152.0
430,125.6,152.0
431,125.6,152.0
432,125.6,152.0
433,53.0,150.0
434,81.4,155.6
435,62.1,165.4
436,27.6,138.4
437,10.9,
438,66.4,168.9
439,84.3,186.3
440,84.3,186.3
441,84.3,186.3
442,70.1,169.1
443,92.9,159.7
444,112.7,170.5
445,119.2,187.0
446,119.2,187.0
447,119.2,187.0
448,90.0,180.5
449,90.0,180.5
450,121.8,188.6
451,121.8,188.6
452,121.8,188.6
453,121.8,188.6
454,60.6,171.3
455,86.9,170.0
456,63.6,167.6
457,59.4,163.7
458,72.7,175.0
459,84.3,170.9
460,84.3,170.9
461,84.3,170.9
462,70.6,177.4
463,70.6,177.4
464,23.7,113.2
465,72.8,167.5
466,107.7,186.9
467,21.1,111.5
468,78.9,156.5
469,87.0,179.3
470,87.0,179.3
471,85.2,156.0
472,11.9,
473,11.9,
474,11.9,
475,11.9,
476,11.9,
477,18.7,117.2
478,56.5,172.9
479,75.4,190.5
480,19.1,118.8
481,15.2,98.1
482,15.2,98.1
483,32.2,133.6
484,32.2,133.6
485,77.7,161.3
486,90.4,155.6
487,91.7,193.9
488,91.7,193.9
489,56.0,159.5
490,53.6,155.8
491,53.6,155.8
492,53.6,155.8
493,95.9,167.1
494,19.5,111.5
495,19.5,111.5
496,19.5,111.5
497,66.0,156.6
498,66.0,156.6
499,16.2,100.2
500,16.2,100.2
501,16.2,100.2
502,82.2,164.7
503,82.2,164.7
504,82.2,164.7
505,82.2,164.7
506,86.3,174.4
507,72.3,182.9
508,72.3,182.9
509,38.8,144.3
510,17.3,98.7
511,48.0,164.2
512,48.0,164.2
513,82.8,172.2
514,82.8,172.2
515,90.5,157.9
516,35.6,133.9
517,74.7,166.2
518,18.9,100.0
519,59.4,153.3
520,90.1,182.6
521,71.3,160.3
522,46.4,160.7
523,46.4,160.7
524,65.2,149.2
525,92.6,176.4
526,86.1,157.8
527,83.7,180.3
528,83.7,180.3
529,83.7,180.3
530,82.3,155.0
531,82.3,155.0
532,81.0,179.8
533,106.8,188.8
534,57.7,156.5
535,57.7,156.5
536,57.7,156.5
537,57.7,156.5
538,57.7,156.5
539,89.5,199.5
540,89.5,199.5
541,51.8,153.5
542,12.6,89.0
543,12.6,89.0
544,74.2,163.5
545,74.2,163.5
546,73.3,174.1
547,75.2,161.0
548,122.1,180.1
549,93.9,160.9
550,103.5,163.2
551,83.1,173.0
552,83.1,173.0
553,83.1,173.0
554,83.1,173.0
555,83.1,173.0
556,83.1,173.0
557,,
558,77.4,178.0
559,120.1,148.8
560,97.4,188.5
561,68.6,168.5
562,79.1,173.5
563,112.1,180.1
564,81.6,175.0
565,65.1,155.6
566,65.1,155.6
567,,
568,60.8,171.0
569,64.9,180.1
570,64.9,180.1
571,112.2,165.9
572,112.2,165.9
573,172.5,170.9
574,81.0,163.4
575,61.3,172.3
576,103.7,177.7
577,103.7,177.7
578,70.9,155.6
579,70.9,155.6
580,14.0,87.8
581,79.7,168.2
582,79.7,168.2
583,89.5,189.3
584,60.5,156.8
585,60.5,156.8
586,84.1,169.0
587,65.3,160.4
588,12.7,86.2
589,138.7,170.9
590,71.3,167.2
591,71.3,167.2
592,62.0,180.2
593,52.3,156.6
594,47.3,146.6
595,47.3,146.6
596,108.0,160.9
597,108.0,160.9
598,64.1,169.7
599,64.1,169.7
600,78.8,161.6
601,78.8,161.6
602,82.8,164.4
603,82.8,164.4
604,65.8,158.5
605,93.6,165.2
606,70.0,173.5
607,55.6,154.8
608,94.2,175.5
609,94.2,175.5
610,94.2,175.5
611,94.2,175.5
612,94.2,175.5
613,94.2,175.5
614,94.2,175.5
615,64.1,161.8
616,19.6,110.3
617,81.6,190.2
618,81.6,190.2
619,81.6,190.2
620,102.6,160.2
621,31.5,138.2
622,72.5,178.0
623,86.6,164.2
624,83.6,188.8
625,83.6,188.8
626,77.5,173.9
627,48.6,152.5
628,22.9,113.9
629,22.9,113.9
630,13.3,87.6
631,58.6,167.1
632,57.0,168.1
633,57.0,168.1
634,57.0,168.1
635,57.0,168.1
636,57.0,168.1
637,57.0,168.1
638,60.4,163.8
639,93.0,174.9
640,119.4,166.7
641,50.4,154.9
642,114.0,165.1
643,95.3,175.4
644,,
645,78.1,184.8
646,90.4,169.5
647,84.9,182.1
648,34.3,143.1
649,87.7,182.9
650,68.0,157.7
651,47.3,142.0
652,28.6,139.2
653,77.9,180.5
654,67.6,172.7
655,95.2,167.1
656,95.2,167.1
657,95.2,167.1
658,95.2,167.1
659,95.2,167.1
660,95.2,167.1
661,88.5,169.9
662,44.9,149.3
663,85.6,177.1
664,53.2,141.3
665,53.2,141.3
666,53.1,159.1
667,53.1,159.1
668,53.1,159.1
669,85.2,162.1
670,91.5,169.8
671,91.5,169.8
672,91.5,169.8
673,76.4,169.4
674,76.4,169.4
675,19.6,114.4
676,,
677,67.3,175.1
678,83.3,175.9
679,40.7,156.9
680,26.8,134.0
681,26.8,134.0
682,43.8,143.9
683,74.3,175.4
684,74.3,175.4
685,74.3,175.4
686,74.3,175.4
687,74.3,175.4
688,59.4,140.0
689,60.2,172.9
690,108.3,169.4
691,108.3,169.4
692,21.3,121.6
693,81.6,169.6
694,100.8,161.9
695,100.8,161.9
696,103.7,161.0
697,90.1,163.4
698,65.3,173.3
699,65.3,173.3
700,65.3,173.3
701,65.3,173.3
702,65.3,173.3
703,77.0,176.8
704,77.0,176.8
705,77.0,176.8
706,77.0,176.8
707,68.4,181.5
708,87.1,185.1
709,87.1,185.1
710,45.8,149.5
711,17.4,104.8
712,67.0,166.8
713,74.3,157.9
714,59.9,157.1
715,135.1,189.0
716,135.1,189.0
717,44.2,155.2
718,95.4,179.7
719,95.4,179.7
720,95.4,179.7
721,93.5,189.5
722,14.9,95.9
723,95.3,173.2
724,77.0,190.9
725,77.0,190.9
726,57.8,163.6
727,57.8,163.6
728,57.8,163.6
729,81.1,158.7
730,73.5,164.7
731,4.8,
732,4.8,
733,50.4,155.1
734,42.3,141.7
735,42.3,141.7
736,31.0,139.3
737,75.1,155.7
738,75.1,155.7
739,75.1,155.7
740,68.9,156.8
741,86.2,177.8
742,18.2,105.8
743,80.5,173.9
744,92.7,160.4
745,12.7,90.4
746,63.8,159.4
747,63.8,159.4
748,23.1,117.5
749,77.8,164.9
750,77.8,164.9
751,77.8,164.9
752,77.8,164.9
753,98.5,178.1
754,20.5,115.6
755,20.5,115.6
756,13.4,95.5
757,43.1,153.0
758,43.1,153.0
759,98.9,178.2
760,98.9,178.2
761,76.7,150.6
762,82.3,172.3
763,25.8,126.4
764,25.8,126.4
765,54.7,153.8
766,54.7,153.8
767,72.7,156.1
768,47.9,156.9
769,47.9,156.9
770,98.3,181.2
771,82.5,160.8
772,99.3,175.2
773,113.8,171.3
774,49.4,141.9
775,58.3,153.5
776,58.3,153.5
777,78.4,171.5
778,81.7,183.5
779,90.7,169.6
780,64.7,182.0
781,60.8,160.6
782,60.8,160.6
783,83.3,189.4
784,83.3,189.4
785,14.9,
786,56.9,154.4
787,56.9,154.4
788,56.9,154.4
789,81.3,178.4
790,72.4,158.8
791,60.0,156.5
792,60.0,156.5
793,104.6,184.8
794,,
795,35.1,129.4
796,35.1,129.4
797,110.0,177.3
798,110.0,177.3
799,110.0,177.3
800,81.4,159.4
801,81.5,167.9
802,100.2,176.9
803,100.2,176.9
804,10.7,
805,10.7,
806,69.4,150.5
807,47.7,161.5
808,47.7,161.5
809,88.3,176.7
810,33.1,138.0
811,80.8,164.9
812,84.5,175.9
813,82.7,167.2
814,82.7,167.2
815,95.5,178.2
816,113.5,186.3
817,33.1,147.4
818,33.1,147.4
819,33.1,147.4
820,33.1,147.4
821,14.4,89.3
822,80.7,163.1
823,9.4,
824,65.4,179.6
825,65.4,179.6
826,65.4,179.6
827,80.2,166.9
828,80.2,166.9
829,71.3,164.4
830,71.3,164.4
831,90.1,168.8
832,50.5,151.4
833,105.0,177.1
834,105.0,177.1
835,105.0,177.1
836,103.5,180.0
837,74.6,170.3
838,74.6,170.3
839,74.6,170.3
840,49.1,148.1
841,57.0,
842,35.5,150.5
843,116.3,179.4
844,83.1,177.6
845,83.1,177.6
846,107.3,171.1
847,107.3,171.1
848,107.3,171.1
849,107.3,171.1
850,58.4,173.9
851,51.6,168.1
852,51.6,168.1
853,82.0,171.5
854,16.1,102.9
855,62.5,170.2
856,62.5,170.2
857,62.5,170.2
858,78.0,164.2
859,102.1,181.1
860,113.3,175.8
861,48.7,133.9
862,57.9,162.2
863,57.9,162.2
864,57.9,162.2
865,57.9,162.2
866,57.9,162.2
867,57.9,162.2
868,17.9,102.8
869,79.3,190.9
870,62.6,168.8
871,92.2,180.4
872,92.2,180.4
873,79.8,170.8
874,79.8,170.8
875,119.1,172.7
876,29.3,136.2
877,13.7,
878,65.0,166.9
879,49.3,164.5
880,49.3,164.5
881,49.3,164.5
882,49.3,164.5
883,57.9,149.7
884,57.9,149.7
885,15.5,102.4
886,15.5,102.4
887,80.9,175.2
888,80.9,175.2
889,80.9,175.2
890,80.9,175.2
891,80.9,175.2
892,54.0,152.7
893,54.0,152.7
894,11.4,86.0
895,11.4,86.0
896,11.4,86.0
897,56.8,155.4
898,26.1,135.8
899,56.8,173.1
900,117.3,153.1
901,60.3,176.9
902,97.9,167.8
903,83.4,185.0
904,66.5,159.5
905,66.5,159.5
906,66.5,159.5
907,57.8,150.4
908,112.2,180.5
909,112.2,180.5
910,107.9,164.9
911,14.8,101.1
912,71.6,159.7
913,71.6,159.7
914,71.6,159.7
915,93.2,176.1
916,93.2,176.1
917,93.2,176.1
918,78.6,164.8
919,96.7,173.8
920,96.7,173.8
921,96.7,173.8
922,24.5,122.6
923,67.0,156.8
924,62.6,176.9
925,62.6,176.9
926,62.6,176.9
927,81.1,177.4
928,81.1,177.4
929,91.2,164.7
930,39.0,156.8
931,44.0,157.5
932,44.0,157.5
933,37.9,136.1
934,37.9,136.1
935,44.5,153.2
936,54.3,159.9
937,54.3,159.9
938,21.4,123.2
939,102.9,160.1
940,41.0,138.4
941,41.0,138.4
942,52.8,136.5
943,80.5,159.6
944,100.1,184.0
945,100.1,184.0
946,,
947,,
948,90.6,168.6
949,78.1,155.7
950,78.1,155.7
951,79.0,169.7
952,93.3,178.0
953,93.3,178.0
954,93.3,178.0
955,93.3,178.0
956,113.4,164.6
957,87.3,179.8
958,108.5,177.2
959,55.4,170.7
960,99.2,175.4
961,42.7,153.6
962,42.7,153.6
963,42.7,153.6
964,42.7,153.6
965,42.7,153.6
966,81.8,166.9
967,86.6,169.7
968,75.8,164.3
969,75.8,164.3
970,44.8,143.8
971,44.8,143.8
972,100.7,155.5
973,73.7,169.4
974,123.4,171.5
975,71.6,189.6
976,79.9,174.4
977,79.9,174.4
978,79.9,174.4
979,79.9,174.4
980,18.3,114.5
981,73.4,170.2
982,37.7,144.2
983,37.6,139.4
984,37.6,139.4
985,89.3,165.2
986,80.0,172.0
987,5.4,
988,74.5,166.5
989,60.2,157.4
990,60.2,157.4
991,46.8,144.1
992,49.1,154.7
993,82.3,168.5
994,82.3,168.5
995,78.2,178.7
996,78.2,178.7
997,117.6,157.8
998,99.9,176.8
999,99.9,176.8
1000,91.0,173.4
1001,6.9,
1002,97.2,171.5
1003,82.6,175.3
1004,82.6,175.3
1005,82.6,175.3
1006,68.1,183.3
1007,68.1,183.3
1008,92.8,170.9
1009,67.5,160.6
1010,67.5,160.6
1011,81.0,165.6
1012,81.0,165.6
1013,84.3,163.1
1014,49.7,148.2
1015,101.0,185.6
1016,101.0,185.6
1017,101.0,185.6
1018,31.9,150.1
1019,81.5,178.4
1020,12.2,
1021,86.2,158.7
1022,82.6,173.2
1023,82.6,173.2
1024,82.6,173.2
1025,45.3,158.3
1026,56.5,163.4
1027,70.1,168.5
1028,31.0,129.2
1029,107.4,185.7
1030,21.7,115.3
1031,76.7,171.7
1032,76.7,171.7
1033,67.3,173.0
1034,47.3,139.3
1035,95.8,170.2
1036,27.3,131.5
1037,72.3,173.3
1038,72.3,173.3
1039,72.3,173.3
1040,72.3,173.3
1041,21.4,113.8
1042,11.6,
1043,11.6,
1044,129.7,181.9
1045,62.6,168.2
1046,83.7,171.9
1047,75.3,179.0
1048,,
1049,,
1050,122.8,188.0
1051,122.8,188.0
1052,104.9,199.9
1053,47.2,162.2
1054,45.2,151.6
1055,45.2,151.6
1056,45.2,151.6
1057,45.2,151.6
1058,93.3,189.1
1059,75.2,175.0
1060,101.1,169.7
1061,90.2,160.2
1062,51.5,156.0
1063,76.0,167.7
1064,89.3,167.4
1065,98.3,164.5
1066,98.3,164.5
1067,52.5,154.4
1068,71.5,158.4
1069,22.4,120.0
1070,107.2,193.3
1071,40.2,148.1
1072,13.0,92.2
1073,9.4,
1074,57.7,164.7
1075,57.7,164.7
1076,41.4,147.8
1077,129.5,179.6
1078,58.5,169.4
1079,58.5,169.4
1080,79.4,178.4
1081,79.4,178.4
1082,79.4,178.4
1083,79.4,178.4
1084,79.4,178.4
1085,112.8,174.6
1086,112.8,174.6
1087,112.8,174.6
1088,112.8,174.6
1089,112.8,174.6
1090,97.6,163.5
1091,56.6,163.2
1092,61.2,164.9
1093,69.3,171.6
1094,60.7,160.2
1095,60.7,160.2
1096,64.4,161.5
1097,64.4,161.5
1098,79.6,178.9
1099,12.4,98.1
1100,48.4,165.2
1101,108.8,185.8
1102,108.8,185.8
1103,83.2,177.3
1104,81.8,148.0
1105,81.8,148.0
1106,109.6,161.6
1107,48.8,164.3
1108,79.9,163.8
1109,73.4,159.3
1110,73.4,159.3
1111,60.6,148.2
1112,35.5,146.8
1113,35.5,146.8
1114,35.5,146.8
1115,109.4,172.9
1116,109.4,172.9
1117,12.2,87.2
1118,40.3,129.6
1119,40.3,129.6
1120,6.3,
1121,94.2,176.4
1122,75.1,190.4
1123,79.0,153.6
1124,73.8,181.0
1125,107.9,169.8
1126,107.9,169.8
1127,81.0,159.5
1128,74.9,145.2
1129,78.5,161.9
1130,78.5,161.9
1131,97.9,176.5
1132,64.5,160.9
1133,64.5,160.9
1134,64.5,160.9
1135,64.5,160.9
1136,71.1,166.9
1137,71.1,166.9
1138,60.3,157.7
1139,60.3,157.7
1140,35.3,135.1
1141,81.1,177.7
1142,50.7,166.2
1143,98.5,179.6
1144,98.5,179.6
1145,94.7,181.7
1146,47.9,162.3
1147,94.2,170.4
1148,18.6,104.0
1149,153.7,179.5
1150,49.8,155.5
1151,54.6,170.4
1152,53.7,174.9
1153,53.7,174.9
1154,80.1,176.4
1155,89.2,168.5
1156,54.0,154.3
1157,18.9,110.9
1158,54.2,152.6
1159,76.0,176.9
1160,65.5,169.0
1161,51.0,162.3
1162,67.8,173.7
1163,56.3,177.1
1164,56.3,177.1
1165,62.4,161.2
1166,83.9,159.4
1167,83.9,159.4
1168,43.1,140.8
1169,43.1,140.8
1170,45.5,138.7
1171,15.7,96.5
1172,85.9,172.1
1173,85.9,172.1
1174,85.9,172.1
1175,82.8,152.5
1176,19.5,108.4
1177,67.6,163.2
1178,70.6,152.1
1179,70.6,152.1
1180,70.6,152.1
1181,104.0,177.6
1182,104.0,177.6
1183,101.7,180.7
1184,101.7,180.7
1185,101.7,180.7
1186,63.9,175.4
1187,61.7,167.7
1188,54.4,165.0
1189,123.9,184.3
1190,123.9,184.3
1191,123.9,184.3
1192,123.9,184.3
1193,15.6,100.8
1194,93.2,181.3
1195,24.6,123.3
1196,24.6,123.3
1197,87.4,182.3
1198,87.4,182.3
1199,83.0,178.0
1200,75.4,185.9
1201,75.0,168.9
1202,74.1,173.2
1203,86.0,176.2
1204,19.7,110.1
1205,19.7,110.1
1206,92.4,159.8
1207,43.3,134.5
1208,6.8,
1209,56.7,155.6
1210,86.3,170.3
1211,84.8,178.8
1212,66.8,161.9
1213,107.0,163.3
1214,60.4,164.0
1215,111.3,177.2
1216,83.3,182.2
1217,83.3,182.2
1218,83.3,182.2
1219,83.3,182.2
1220,89.9,165.7
1221,89.9,165.7
1222,80.9,169.1
1223,57.6,160.1
1224,57.6,160.1
1225,67.9,167.6
1226,96.6,183.8
1227,96.6,183.8
1228,86.4,160.0
1229,53.0,153.9
1230,53.0,153.9
1231,65.3,169.8
1232,17.5,105.9
1233,50.0,158.6
1234,98.8,158.1
1235,98.8,158.1
1236,98.8,158.1
1237,98.8,158.1
1238,140.1,184.9
1239,140.1,184.9
1240,140.1,184.9
1241,140.1,184.9
1242,140.1,184.9
1243,140.1,184.9
1244,55.0,172.2
1245,73.9,162.1
1246,73.9,162.1
1247,20.5,123.4
1248,26.8,123.9
1249,26.8,123.9
1250,88.5,172.5
1251,130.0,175.6
1252,59.2,168.5
1253,13.3,
1254,108.7,166.1
1255,108.7,166.1
1256,108.7,166.1
1257,68.8,171.0
1258,,
1259,105.3,181.6
1260,105.3,181.6
1261,105.3,181.6
1262,105.3,181.6
1263,23.2,122.8
1264,66.6,168.2
1265,66.6,168.2
1266,71.7,172.2
1267,79.6,161.6
1268,36.5,124.2
1269,76.9,170.7
1270,75.4,152.0
1271,75.4,152.0
1272,72.0,172.0
1273,72.0,172.0
1274,120.3,183.0
1275,74.5,158.0
1276,74.5,158.0
1277,74.5,158.0
1278,96.9,184.3
1279,46.4,141.2
1280,46.4,141.2
1281,103.8,166.3
1282,65.7,172.5
1283,87.7,179.8
1284,87.7,179.8
1285,87.7,179.8
1286,138.4,173.8
1287,138.4,173.8
1288,56.6,155.0
1289,35.1,135.7
1290,35.1,135.7
1291,82.2,170.4
1292,64.8,180.3
1293,84.9,154.9
1294,56.7,169.1
1295,101.2,181.9
1296,98.1,166.3
1297,32.2,132.9
1298,73.0,168.7
1299,67.1,170.2
1300,67.1,170.2
1301,104.2,181.7
1302,104.2,181.7
1303,104.2,181.7
1304,104.2,181.7
1305,18.5,108.3
1306,18.5,108.3
1307,14.1,99.5
1308,68.9,171.0
1309,68.9,171.0
1310,31.5,147.4
1311,31.5,147.4
1312,89.1,160.2
1313,58.5,157.8
1314,10.8,86.2
1315,47.8,161.9
1316,47.8,161.9
1317,77.3,184.9
1318,77.3,184.9
1319,77.3,184.9
1320,77.3,184.9
1321,77.3,184.9
1322,77.3,184.9
1323,55.9,153.5
1324,51.7,167.9
1325,99.7,175.2
1326,99.7,175.2
1327,99.7,175.2
1328,99.7,175.2
1329,99.7,175.2
1330,40.6,150.0
1331,66.0,155.8
1332,43.4,146.0
1333,84.9,173.2
1334,30.9,136.8
1335,14.3,95.9
1336,75.9,178.4
1337,62.3,173.8
1338,14.2,97.0
1339,92.6,164.2
1340,92.6,164.2
1341,93.7,189.7
1342,93.7,189.7
1343,77.1,197.2
1344,72.7,159.0
1345,72.7,159.0
1346,26.1,118.4
1347,71.7,176.7
1348,76.3,181.7
1349,76.3,181.7
1350,95.6,177.8
1351,93.8,176.1
1352,68.5,172.3
1353,30.1,152.5
1354,30.1,152.5
1355,30.1,152.5
1356,47.3,151.5
1357,62.3,158.4
1358,62.3,158.4
1359,62.3,158.4
1360,21.7,111.0
1361,21.7,111.0
1362,105.6,176.3
1363,105.6,176.3
1364,107.4,178.5
1365,107.4,178.5
1366,107.4,178.5
1367,58.6,168.1
1368,100.1,161.7
1369,112.4,174.1
1370,112.4,174.1
1371,112.4,174.1
1372,62.6,160.3
1373,57.1,164.6
1374,20.5,113.3
1375,20.5,113.3
1376,80.0,164.4
1377,99.7,185.1
1378,99.7,185.1
1379,37.3,142.6
1380,94.2,179.3
1381,94.2,179.3
1382,60.0,151.0
1383,16.4,
1384,16.4,
1385,65.1,171.7
1386,106.0,180.0
1387,106.0,180.0
1388,71.9,168.0
1389,71.9,168.0
1390,55.4,144.6
1391,98.3,175.3
1392,14.0,91.4
1393,7.9,
1394,59.6,181.3
1395,59.6,181.3
1396,59.6,181.3
1397,59.6,181.3
1398,59.6,181.3
1399,59.6,181.3
1400,12.2,88.1
1401,108.7,151.0
1402,108.7,151.0
1403,108.7,151.0
1404,57.1,158.3
1405,68.4,160.6
1406,68.4,160.6
1407,65.1,164.9
1408,65.1,164.9
1409,59.6,163.8
1410,41.3,156.9
1411,88.0,161.6
1412,21.8,111.8
1413,57.9,155.3
1414,57.9,155.3
1415,65.0,167.7
1416,65.0,167.7
1417,65.0,167.7
1418,65.0,167.7
1419,65.0,167.7
1420,73.8,177.2
1421,63.4,171.8
1422,59.7,173.9
1423,57.2,162.0
1424,91.9,182.4
1425,91.9,182.4
1426,91.9,182.4
1427,91.9,182.4
1428,91.9,182.4
1429,80.3,145.1
1430,48.4,157.7
1431,61.1,179.7
1432,61.1,179.7
1433,61.1,179.7
1434,61.1,179.7
1435,22.2,121.1
1436,47.8,164.4
1437,47.8,164.4
1438,12.1,
1439,12.1,
1440,6.3,
1441,112.2,174.7
1442,23.2,121.6
1443,23.2,121.6
1444,23.2,121.6
1445,85.7,167.7
1446,50.2,161.0
1447,50.2,161.0
1448,70.8,174.4
1449,97.0,179.5
1450,97.0,179.5
1451,97.0,179.5
1452,17.3,110.6
1453,100.5,166.1
1454,54.7,169.3
1455,54.7,169.3
1456,104.3,181.0
1457,104.3,181.0
1458,104.3,181.0
1459,82.6,160.0
1460,82.6,160.0
1461,27.5,125.9
1462,105.8,179.7
1463,66.7,155.6
1464,81.5,172.5
1465,81.0,186.5
1466,68.3,165.5
1467,95.6,173.6
1468,80.2,175.4
1469,70.4,171.5
1470,9.3,
1471,59.4,157.2
1472,120.4,190.8
1473,120.4,190.8
1474,120.4,190.8
1475,120.4,190.8
1476,91.1,178.8
1477,65.8,169.1
1478,69.8,159.0
1479,47.4,152.0
1480,20.9,120.7
1481,20.9,120.7
1482,16.1,105.5
1483,57.5,156.5
1484,57.5,156.5
1485,28.2,122.8
1486,65.5,161.7
1487,63.7,172.7
1488,104.4,174.1
1489,72.0,174.3
1490,58.2,153.9
1491,58.2,153.9
1492,61.7,150.5
1493,80.6,170.5
1494,95.5,179.4
1495,95.5,179.4
1496,35.1,122.7
1497,52.6,158.4
1498,52.6,158.4
1499,9.6,
1500,55.3,160.0
1501,67.8,157.3
1502,67.8,157.3
1503,67.8,157.3
1504,68.7,154.9
1505,68.7,154.9
1506,68.7,154.9
1507,68.7,154.9
1508,70.7,162.9
1509,93.5,176.7
1510,93.5,176.7
1511,93.5,176.7
1512,93.5,176.7
1513,15.1,96.8
1514,76.1,154.9
1515,44.7,145.7
1516,111.0,178.6
1517,13.4,
1518,63.7,170.3
1519,26.6,128.3
1520,44.7,141.4
1521,44.7,141.4
1522,13.1,96.1
1523,53.8,164.8
1524,71.3,177.6
1525,10.1,
1526,100.6,159.7
1527,100.6,159.7
1528,100.6,159.7
1529,100.6,159.7
1530,100.6,159.7
1531,61.8,149.2
1532,74.0,167.9
1533,79.1,163.0
1534,79.1,163.0
1535,66.5,180.2
1536,53.2,155.8
1537,77.5,153.4
1538,94.1,160.5
1539,94.1,160.5
1540,78.0,177.6
1541,82.5,158.9
1542,82.5,158.9
1543,19.3,105.7
1544,135.8,182.2
1545,135.8,182.2
1546,135.8,182.2
1547,115.4,164.8
1548,21.5,119.9
1549,74.2,167.1
1550,74.2,167.1
1551,77.6,161.6
1552,77.6,161.6
1553,77.6,161.6
1554,113.4,163.2
1555,113.4,163.2
1556,73.5,179.6
1557,73.5,179.6
1558,73.5,179.6
1559,73.5,179.6
1560,103.8,168.7
1561,69.6,157.4
1562,73.2,180.4
1563,12.0,
1564,12.0,
1565,56.7,157.5
1566,56.7,157.5
1567,71.1,176.4
1568,15.9,103.2
1569,15.9,103.2
1570,60.6,154.5
1571,60.6,154.5
1572,15.4,86.5
1573,94.5,172.0
1574,94.5,172.0
1575,47.3,158.7
1576,69.7,162.0
1577,19.5,103.9
1578,101.3,164.0
1579,78.8,178.4
1580,78.8,178.4
1581,30.2,113.9
1582,66.8,157.3
1583,64.9,154.6
1584,64.9,154.6
1585,84.5,161.7
1586,17.7,106.3
1587,120.7,175.9
1588,120.7,175.9
1589,62.3,164.9
1590,94.7,173.2
1591,113.4,158.9
1592,54.1,153.5
1593,87.8,175.1
1594,87.8,175.1
1595,48.3,156.6
1596,94.0,175.7
1597,33.3,123.1
1598,63.3,155.5
1599,63.3,155.5
1600,57.5,161.9
1601,80.4,173.5
1602,80.4,173.5
1603,82.3,170.9
1604,83.8,182.1
1605,77.5,184.7
1606,10.9,
1607,60.1,158.5
1608,15.5,97.3
1609,15.5,97.3
1610,60.6,150.9
1611,137.3,174.3
1612,137.3,174.3
1613,15.8,104.4
1614,22.6,118.7
1615,94.6,177.6
1616,66.5,162.1
1617,66.5,162.1
1618,52.9,160.2
1619,52.9,160.2
1620,52.9,160.2
1621,46.8,163.6
1622,46.8,163.6
1623,46.8,163.6
1624,106.1,195.0
1625,59.6,164.3
1626,59.6,164.3
1627,74.5,180.4
1628,18.0,108.1
1629,62.5,155.1
1630,62.5,155.1
1631,76.2,160.8
1632,76.2,160.8
1633,76.2,160.8
1634,76.2,160.8
1635,83.3,169.7
1636,55.2,170.9
1637,55.2,170.9
1638,55.2,170.9
1639,92.7,174.5
1640,92.7,174.5
1641,66.9,154.1
1642,86.4,168.3
1643,43.1,147.0
1644,46.2,166.2
1645,106.4,165.1
1646,33.4,141.1
1647,79.7,174.7
1648,58.7,146.4
1649,58.7,146.4
1650,58.7,146.4
1651,58.7,146.4
1652,73.3,158.1
1653,58.5,157.8
1654,67.6,175.6
1655,48.9,148.7
1656,61.8,160.0
1657,50.0,152.4
1658,68.0,165.7
1659,94.3,152.7
1660,73.2,173.1
1661,64.9,175.4
1662,64.9,175.4
1663,64.9,175.4
1664,42.9,151.4
1665,69.0,173.1
1666,80.0,180.7
1667,19.2,117.1
1668,50.8,157.6
1669,61.6,169.7
1670,86.9,150.2
1671,25.0,130.5
1672,25.0,130.5
1673,15.6,95.8
1674,75.6,175.0
1675,104.6,163.3
1676,99.4,178.6
1677,64.1,150.0
1678,71.3,176.7
1679,84.6,170.6
1680,71.6,160.3
1681,71.6,160.3
1682,71.6,160.3
1683,71.6,160.3
1684,113.4,193.7
1685,85.7,171.3
1686,61.1,164.5
1687,61.1,164.5
1688,61.1,164.5
1689,61.1,164.5
1690,61.1,164.5
1691,17.2,112.1
1692,127.8,170.0
1693,128.0,165.1
1694,149.1,167.6
1695,16.6,95.0
1696,16.6,95.0
1697,16.6,95.0
1698,16.6,95.0
1699,18.0,107.6
1700,66.3,165.5
1701,66.3,165.5
1702,54.8,155.0
1703,106.8,158.0
1704,34.7,156.0
1705,45.9,149.6
1706,58.3,147.7
1707,51.8,167.2
1708,60.8,151.8
1709,56.5,157.1
1710,104.6,163.4
1711,68.9,165.7
1712,73.2,161.4
1713,106.2,194.7
1714,67.1,175.6
1715,9.5,
1716,170.5,173.2
1717,170.5,173.2
1718,170.5,173.2
1719,39.4,143.0
1720,39.4,143.0
1721,34.6,135.7
1722,34.6,135.7
1723,34.6,135.7
1724,34.6,135.7
1725,36.3,131.9
1726,12.5,90.7
1727,70.3,168.2
1728,62.7,171.4
1729,74.1,169.4
1730,33.1,133.0
1731,33.1,133.0
1732,33.1,133.0
1733,36.1,151.9
1734,36.1,151.9
1735,56.0,153.8
1736,56.0,153.8
1737,113.6,180.9
1738,88.4,174.7
1739,88.4,174.7
1740,88.4,174.7
1741,88.4,174.7
1742,67.9,147.9
1743,67.9,147.9
1744,69.5,160.2
1745,77.0,178.7
1746,77.0,178.7
1747,61.6,157.1
1748,12.2,
1749,61.5,156.3
1750,61.5,156.3
1751,128.2,171.0
1752,110.7,173.9
1753,56.9,155.4
1754,56.9,155.4
1755,12.6,
1756,59.3,160.0
1757,65.5,165.2
1758,90.9,169.8
1759,57.4,160.7
1760,57.4,160.7
1761,57.4,160.7
1762,57.4,160.7
1763,57.4,160.7
1764,62.4,166.0
1765,113.6,171.9
1766,113.6,171.9
1767,47.7,162.7
1768,47.7,162.7
1769,,
1770,,
1771,61.6,163.9
1772,77.3,164.0
1773,74.1,166.4
1774,75.1,156.2
1775,89.2,160.8
1776,89.2,160.8
1777,89.2,160.8
1778,91.7,162.8
1779,91.7,162.8
1780,91.7,162.8
1781,91.7,162.8
1782,86.2,172.1
1783,86.2,172.1
1784,86.2,172.1
1785,75.0,176.4
1786,76.6,172.1
1787,14.5,90.7
1788,14.5,90.7
1789,90.7,170.1
1790,50.8,158.2
1791,50.8,158.2
1792,50.8,158.2
1793,50.8,158.2
1794,16.8,102.4
1795,122.9,175.1
1796,57.2,156.1
1797,68.4,174.1
1798,81.2,173.0
1799,81.2,173.0
1800,41.5,158.2
1801,41.5,158.2
1802,60.3,165.7
1803,64.8,160.9
1804,64.8,160.9
1805,64.8,160.9
1806,64.8,160.9
1807,64.8,160.9
1808,112.7,174.3
1809,112.7,174.3
1810,41.8,133.4
1811,41.8,133.4
1812,41.8,133.4
1813,104.9,183.9
1814,104.9,183.9
1815,104.9,183.9
1816,104.9,183.9
1817,104.9,183.9
1818,61.6,163.8
1819,76.8,147.8
1820,63.8,154.0
1821,63.8,154.0
1822,53.7,158.0
1823,53.7,158.0
1824,53.7,158.0
1825,50.0,156.4
1826,35.2,143.8
1827,35.2,143.8
1828,29.6,124.8
1829,59.2,155.4
1830,39.6,138.4
1831,53.2,155.6
1832,34.4,139.3
1833,34.4,139.3
1834,79.4,160.3
1835,72.5,160.4
1836,64.1,164.9
1837,64.1,164.9
1838,64.1,164.9
1839,80.2,160.1
1840,63.5,163.8
1841,90.9,180.0
1842,90.9,180.0
1843,73.6,178.3
1844,73.6,178.3
1845,73.6,178.3
1846,78.7,183.1
1847,78.7,183.1
1848,77.2,171.5
1849,77.2,171.5
1850,93.9,158.7
1851,99.3,150.8
1852,99.3,150.8
1853,48.8,149.1
1854,48.8,149.1
1855,79.1,165.5
1856,77.7,183.2
1857,91.6,160.0
1858,60.4,173.6
1859,71.1,165.8
1860,181.4,191.0
1861,83.9,183.9
1862,83.9,183.9
1863,80.6,168.4
1864,80.6,168.4
1865,107.9,177.9
1866,102.8,163.5
1867,86.2,175.7
1868,86.3,166.9
1869,86.3,166.9
1870,86.3,166.9
1871,95.4,173.7
1872,95.4,173.7
1873,95.4,173.7
1874,69.1,162.4
1875,11.4,
1876,11.4,
1877,11.4,
1878,11.4,
1879,62.3,149.6
1880,69.9,178.7
1881,69.9,178.7
1882,69.9,178.7
1883,54.8,154.8
1884,61.5,169.4
1885,103.0,184.6
1886,87.7,172.4
1887,108.1,188.2
1888,60.1,168.9
1889,60.1,168.9
1890,114.6,183.1
1891,114.6,183.1
1892,41.3,162.7
1893,80.7,177.5
1894,80.7,177.5
1895,114.7,165.1
1896,114.7,165.1
1897,53.3,166.5
1898,53.3,166.5
1899,76.1,172.2
1900,23.5,126.6
1901,5.6,
1902,92.1,163.4
1903,91.7,177.0
1904,91.7,177.0
1905,91.7,177.0
1906,91.7,177.0
1907,68.8,164.2
1908,68.8,164.2
1909,66.4,160.2
1910,98.9,170.7
1911,98.9,170.7
1912,98.9,170.7
1913,98.9,170.7
1914,66.1,152.9
1915,66.1,152.9
1916,75.4,164.4
1917,91.9,156.4
1918,70.2,162.1
1919,106.0,168.1
1920,40.5,143.4
1921,69.3,182.9
1922,69.3,182.9
1923,69.3,182.9
1924,99.1,172.4
1925,99.1,172.4
1926,99.1,172.4
1927,91.5,170.4
1928,91.5,170.4
1929,60.2,170.4
1930,60.2,170.4
1931,35.4,148.0
1932,18.3,102.9
1933,25.7,122.0
1934,7.8,
1935,14.5,95.8
1936,12.4,93.1
1937,12.4,93.1
1938,70.0,176.2
1939,99.4,173.2
1940,63.6,157.2
1941,87.6,186.9
1942,44.7,131.9
1943,61.4,174.3
1944,61.4,174.3
1945,77.1,176.5
1946,77.1,176.5
1947,14.3,
1948,65.7,159.7
1949,104.5,174.4
1950,104.5,174.4
1951,104.5,174.4
1952,104.5,174.4
1953,104.5,174.4
1954,86.4,171.2
1955,71.0,169.6
1956,71.0,169.6
1957,60.2,164.4
1958,93.4,163.5
1959,14.8,91.5
1960,86.8,166.5
1961,51.3,163.6
1962,14.1,92.0
1963,87.2,163.8
1964,87.2,163.8
1965,53.4,145.8
1966,88.3,169.9
1967,38.4,149.0
1968,110.3,174.4
1969,40.8,144.2
1970,98.8,169.0
1971,98.8,169.0
1972,98.8,169.0
1973,98.8,169.0
1974,84.3,170.5
1975,52.8,151.3
1976,52.8,151.3
1977,52.8,151.3
1978,57.5,159.5
1979,57.5,159.5
1980,57.5,159.5
1981,57.5,159.5
1982,13.1,99.1
1983,61.5,153.3
1984,85.6,160.6
1985,82.3,179.2
1986,4.2,
1987,138.7,171.9
1988,138.7,171.9
1989,138.7,171.9
1990,138.7,171.9
1991,75.7,154.8
1992,75.7,154.8
1993,75.7,154.8
1994,64.5,151.6
1995,79.8,164.7
1996,39.8,137.9
1997,89.8,192.4
1998,25.8,125.9
1999,9.6,85.0
2000,56.7,163.4
2001,68.0,158.1
2002,83.0,154.8
2003,92.2,165.2
2004,66.4,172.4
2005,67.3,169.4
2006,65.5,157.9
2007,66.0,145.5
2008,86.0,179.2
2009,65.7,162.0
2010,20.0,100.4
2011,107.2,169.7
2012,107.2,169.7
2013,21.2,112.6
2014,68.7,169.0
2015,103.1,187.7
2016,143.6,184.3
2017,143.6,184.3
2018,143.6,184.3
2019,143.6,184.3
2020,143.6,184.3
2021,143.6,184.3
2022,64.5,173.2
2023,50.0,165.4
2024,70.9,163.2
2025,70.9,163.2
2026,18.4,102.0
2027,18.4,102.0
2028,126.0,165.6
2029,70.6,175.9
2030,70.6,175.9
2031,70.6,175.9
2032,70.6,175.9
2033,58.2,162.4
2034,117.8,173.8
2035,17.4,110.1
2036,17.4,110.1
2037,17.4,110.1
2038,76.7,160.4
2039,46.6,162.7
2040,77.5,160.0
2041,26.0,114.6
2042,129.4,184.7
2043,64.0,160.0
2044,23.2,126.5
2045,23.2,126.5
2046,23.2,126.5
2047,23.2,126.5
2048,89.6,179.8
2049,102.0,169.7
2050,102.0,169.7
2051,63.4,155.0
2052,74.5,172.6
2053,12.5,85.1
2054,45.8,133.1
2055,66.5,164.5
2056,81.8,170.2
2057,,
2058,61.6,149.9
2059,89.0,159.3
2060,70.2,153.8
2061,94.8,180.4
2062,94.8,180.4
2063,94.8,180.4
2064,82.6,176.7
2065,120.0,172.2
2066,120.0,172.2
2067,120.0,172.2
2068,80.0,171.3
2069,180.6,183.8
2070,131.5,173.2
2071,53.7,145.4
2072,75.4,172.7
2073,59.7,149.5
2074,59.7,149.5
2075,67.0,175.3
2076,67.0,175.3
2077,56.9,147.6
2078,56.9,147.6
2079,69.5,176.8
2080,69.5,176.8
2081,69.5,176.8
2082,99.3,178.6
2083,99.3,178.6
2084,59.5,163.2
2085,92.6,176.9
2086,78.2,164.6
2087,106.2,178.8
2088,106.2,178.8
2089,106.2,178.8
2090,106.2,178.8
2091,65.8,147.0
2092,81.0,165.7
2093,85.8,173.8
2094,56.3,144.2
2095,83.0,171.2
2096,83.0,171.2
2097,89.4,190.9
2098,89.4,190.9
2099,85.5,164.6
2100,85.5,164.6
2101,88.3,176.0
2102,88.3,176.0
2103,18.5,111.4
2104,63.5,155.0
2105,113.7,168.2
2106,80.5,174.0
2107,101.3,171.4
2108,101.3,171.4
2109,101.3,171.4
2110,61.3,161.8
2111,61.3,161.8
2112,63.9,172.0
2113,79.4,169.4
2114,64.0,152.3
2115,64.0,152.3
2116,87.0,176.6
2117,87.0,176.6
2118,73.8,155.0
2119,90.2,159.6
2120,90.2,159.6
2121,66.8,164.4
2122,66.8,164.4
2123,101.9,185.5
2124,101.9,185.5
2125,101.9,185.5
2126,77.7,154.9
2127,80.0,174.2
2128,55.0,159.6
2129,55.0,159.6
2130,55.0,159.6
2131,7.7,
2132,91.7,186.6
2133,84.8,164.1
2134,84.8,164.1
2135,84.8,164.1
2136,84.8,164.1
2137,57.6,178.2
2138,112.5,179.2
2139,112.5,179.2
2140,40.4,156.2
2141,40.4,156.2
2142,105.9,167.8
2143,67.2,165.0
2144,81.6,170.7
2145,81.6,170.7
2146,81.6,170.7
2147,69.7,169.0
2148,20.8,108.7
2149,82.1,167.3
2150,66.7,162.8
2151,66.7,162.8
2152,67.7,166.2
2153,117.3,166.7
2154,117.3,166.7
2155,13.7,95.2
2156,13.7,95.2
2157,86.5,147.3
2158,72.1,176.6
2159,68.3,168.4
2160,87.8,163.3
2161,4.5,
2162,55.2,
2163,97.3,178.7
2164,11.3,85.1
2165,107.1,161.3
2166,122.4,179.1
2167,36.7,142.4
2168,82.6,177.4
2169,82.6,177.4
2170,71.1,159.8
2171,79.8,152.2
2172,24.2,104.5
2173,48.1,152.9
2174,48.1,152.9
2175,48.1,152.9
2176,48.1,152.9
2177,48.1,152.9
2178,48.1,152.9
2179,145.0,160.2
2180,44.8,155.2
2181,9.6,
2182,46.6,148.0
2183,63.1,162.1
2184,42.1,133.0
2185,91.9,173.2
2186,90.1,159.3
2187,90.1,159.3
2188,90.1,159.3
2189,90.1,159.3
2190,60.6,159.6
2191,84.2,191.9
2192,80.9,152.3
2193,78.5,167.4
2194,21.8,121.6
2195,41.5,147.9
2196,65.9,178.6
2197,30.0,126.2
2198,39.7,144.6
2199,124.9,173.9
2200,124.9,173.9
2201,124.9,173.9
2202,74.5,179.1
2203,74.5,179.1
2204,74.5,179.1
2205,87.8,164.4
2206,105.7,176.2
2207,64.7,166.9
2208,12.0,87.5
2209,27.9,133.3
2210,116.1,165.3
2211,12.4,
2212,74.8,174.1
2213,50.2,161.1
2214,50.2,161.1
2215,115.1,176.8
2216,10.3,
2217,82.9,168.0
2218,81.1,187.0
2219,81.1,187.0
2220,7.5,
2221,7.5,
2222,111.6,175.8
2223,67.4,171.2
2224,50.0,169.0
2225,102.8,174.5
2226,13.1,84.9
2227,71.3,162.6
2228,71.3,162.6
2229,71.3,162.6
2230,88.1,175.0
2231,88.1,175.0
2232,88.1,175.0
2233,88.1,175.0
2234,82.0,180.5
2235,98.5,187.5
2236,98.5,187.5
2237,98.5,187.5
2238,98.5,187.5
2239,98.5,187.5
2240,80.6,174.5
2241,93.0,180.5
2242,93.0,180.5
2243,124.0,199.4
2244,124.0,199.4
2245,124.0,199.4
2246,60.8,164.5
2247,60.8,164.5
2248,71.7,164.8
2249,71.7,164.8
2250,71.7,164.8
2251,71.7,164.8
2252,83.8,158.2
2253,83.8,158.2
2254,78.8,164.3
2255,78.8,164.3
2256,49.3,158.9
2257,66.0,163.6
2258,66.0,163.6
2259,66.0,163.6
2260,66.0,163.6
2261,49.9,157.6
2262,80.3,178.5
2263,80.3,178.5
2264,80.3,178.5
2265,80.3,178.5
2266,80.3,178.5
2267,90.9,168.0
2268,74.5,179.9
2269,95.3,180.6
2270,79.2,178.7
2271,101.2,166.0
2272,101.2,166.0
2273,99.5,168.5
2274,99.5,168.5
2275,79.0,166.6
2276,79.0,166.6
2277,111.4,171.7
2278,110.5,169.1
2279,110.5,169.1
2280,72.4,146.6
2281,,
2282,79.5,175.4
2283,79.5,175.4
2284,79.5,175.4
2285,79.5,175.4
2286,69.3,156.9
2287,83.9,177.5
2288,83.9,177.5
2289,80.7,153.5
2290,80.7,153.5
2291,78.6,158.7
2292,69.0,178.2
2293,69.0,178.2
2294,34.2,141.1
2295,95.4,164.0
2296,89.3,177.9
2297,89.3,177.9
2298,90.8,166.9
2299,55.7,178.3
2300,78.2,156.3
2301,78.2,156.3
2302,78.2,156.3
2303,78.2,156.3
2304,46.1,151.7
2305,69.7,167.9
2306,11.8,
2307,41.3,152.8
2308,82.6,166.7
2309,82.6,166.7
2310,82.6,166.7
2311,103.4,171.8
2312,77.9,158.8
2313,72.7,170.7
2314,72.7,170.7
2315,72.7,170.7
2316,72.7,170.7
2317,87.6,176.7
2318,101.7,163.1
2319,24.5,123.0
2320,51.2,164.2
2321,97.1,173.2
2322,97.1,173.2
2323,97.1,173.2
2324,118.0,182.2
2325,13.0,
2326,12.1,
2327,38.2,147.3
2328,49.4,149.0
2329,82.8,181.1
2330,106.7,180.4
2331,106.7,180.4
2332,15.1,97.3
2333,83.0,173.1
2334,83.0,173.1
2335,69.6,167.9
2336,61.9,154.6
2337,33.4,137.3
2338,96.3,182.0
2339,,
2340,138.2,184.1
2341,75.8,164.7
2342,57.8,161.7
2343,57.8,161.7
2344,57.8,161.7
2345,88.1,158.7
2346,51.7,158.1
2347,135.2,174.6
2348,,
2349,11.3,83.8
2350,105.8,162.2
2351,10.7,85.1
2352,60.4,151.7
2353,72.1,195.8
2354,113.3,159.4
2355,46.4,165.8
2356,46.4,165.8
2357,46.4,165.8
2358,122.2,169.8
2359,44.7,157.8
2360,5.5,
2361,42.7,136.3
2362,64.9,167.4
2363,75.1,156.9
2364,58.8,163.8
2365,91.2,172.0
2366,82.7,171.5
2367,82.7,171.5
2368,23.3,120.2
2369,23.3,120.2
2370,68.0,181.3
2371,80.0,165.5
2372,90.7,153.0
2373,90.7,153.0
2374,90.7,153.0
2375,79.3,153.2
2376,88.7,166.5
2377,87.9,178.8
2378,87.5,186.1
2379,87.5,186.1
2380,87.5,186.1
2381,87.5,186.1
2382,56.4,157.5
2383,56.4,157.5
2384,58.6,177.0
2385,18.3,102.0
2386,28.1,120.3
2387,60.7,170.6
2388,9.2,
2389,9.2,
2390,55.8,160.7
2391,55.8,160.7
2392,55.8,160.7
2393,73.4,145.0
2394,83.8,170.9
2395,15.2,96.8
2396,74.0,175.7
2397,29.4,130.9
2398,19.9,110.8
2399,46.9,156.7
2400,149.8,159.1
2401,149.8,159.1
2402,62.1,151.2
2403,63.6,162.5
2404,63.6,162.5
2405,67.0,159.1
2406,60.9,160.9
2407,78.2,166.2
2408,88.4,178.6
2409,54.2,158.1
2410,51.8,165.9
2411,51.8,165.9
2412,51.8,165.9
2413,77.2,176.3
2414,19.5,111.8
2415,54.7,170.0
2416,54.7,170.0
2417,166.5,175.5
2418,166.5,175.5
2419,166.5,175.5
2420,52.7,161.5
2421,55.0,168.6
2422,109.4,184.4
2423,109.4,184.4
2424,109.4,184.4
2425,35.8,132.2
2426,80.3,168.9
2427,62.4,168.4
2428,94.5,166.3
2429,94.5,166.3
2430,106.0,180.3
2431,61.4,168.7
2432,72.4,185.1
2433,11.0,
2434,60.9,149.6
2435,60.9,149.6
2436,48.4,160.3
2437,48.4,160.3
2438,86.6,171.8
2439,86.6,171.8
2440,117.3,180.6
2441,117.3,180.6
2442,79.0,173.9
2443,79.0,173.9
2444,56.3,150.8
2445,79.3,166.7
2446,79.3,166.7
2447,64.6,162.3
2448,64.6,162.3
2449,68.1,162.3
2450,68.1,162.3
2451,99.6,172.0
2452,99.6,172.0
2453,99.6,172.0
2454,99.6,172.0
2455,99.6,172.0
2456,66.9,159.8
2457,73.2,157.1
2458,12.2,
2459,73.4,173.2
2460,73.4,173.2
2461,73.4,173.2
2462,73.4,173.2
2463,16.0,96.5
2464,16.0,96.5
2465,102.6,176.8
2466,27.9,131.1
2467,37.2,142.8
2468,132.1,173.8
2469,132.1,173.8
2470,132.1,173.8
2471,58.8,165.5
2472,88.3,161.4
2473,88.3,161.4
2474,22.0,126.9
2475,51.0,161.6
2476,51.0,161.6
2477,71.3,173.3
2478,81.1,173.9
2479,90.0,179.4
2480,90.0,179.4
2481,57.6,177.6
2482,104.7,171.4
2483,104.7,171.4
2484,104.7,171.4
2485,14.9,96.1
2486,83.2,160.1
2487,89.6,154.7
2488,41.8,140.0
2489,96.1,181.5
2490,44.3,151.2
2491,99.3,146.3
2492,74.2,157.8
2493,22.7,119.5
2494,18.3,104.3
2495,18.3,104.3
2496,45.5,163.3
2497,45.5,163.3
2498,56.3,169.5
2499,56.3,169.5
2500,56.3,169.5
2501,71.5,163.4
2502,98.5,180.4
2503,98.5,180.4
2504,62.7,160.7
2505,62.7,160.7
2506,90.6,173.1
2507,85.5,169.3
2508,92.5,162.6
2509,92.5,162.6
2510,10.4,
2511,82.7,174.5
2512,84.3,178.0
2513,84.3,178.0
2514,83.9,171.4
2515,105.1,166.5
2516,105.1,166.5
2517,105.1,166.5
2518,105.1,166.5
2519,29.0,140.9
2520,29.0,140.9
2521,107.0,179.8
2522,103.1,180.4
2523,103.1,180.4
2524,103.1,180.4
2525,24.0,114.9
2526,69.2,159.8
2527,62.6,155.1
2528,93.9,153.7
2529,93.9,153.7
2530,77.5,166.7
2531,77.5,166.7
2532,53.1,137.4
2533,43.8,159.8
2534,43.8,159.8
2535,43.8,159.8
2536,43.8,159.8
2537,56.7,168.3
2538,100.3,174.1
2539,57.1,163.0
2540,57.1,163.0
2541,81.5,161.8
2542,81.5,161.8
2543,81.5,161.8
2544,81.5,161.8
2545,81.5,161.8
2546,85.9,162.0
2547,85.9,162.0
2548,85.5,173.2
2549,73.6,166.9
2550,55.1,152.7
2551,90.1,183.0
2552,90.1,183.0
2553,68.1,168.5
2554,68.1,168.5
2555,41.1,157.5
2556,41.1,157.5
2557,41.1,157.5
2558,56.7,160.6
2559,13.1,
2560,22.4,119.6
2561,84.5,165.9
2562,16.4,104.9
2563,16.4,104.9
2564,36.5,140.9
2565,60.7,144.2
2566,27.3,128.3
2567,64.8,166.8
2568,114.4,175.5
2569,24.1,104.7
2570,70.7,165.9
2571,95.3,171.2
2572,93.1,184.5
2573,93.1,184.5
2574,67.4,154.5
2575,76.5,165.1
2576,76.5,165.1
2577,84.5,179.5
2578,97.6,181.6
2579,,
2580,86.6,180.2
2581,86.6,180.2
2582,55.6,154.7
2583,77.0,182.2
2584,31.6,140.5
2585,18.8,104.0
2586,19.7,110.4
2587,88.5,183.6
2588,91.8,163.2
2589,58.8,170.1
2590,97.7,187.5
2591,97.7,187.5
2592,116.4,184.2
2593,87.2,156.4
2594,114.7,173.0
2595,69.7,166.6
2596,38.9,150.1
2597,26.4,112.5
2598,33.0,149.2
2599,58.0,175.5
2600,70.4,169.0
2601,70.4,169.0
2602,31.3,138.6
2603,82.1,167.1
2604,30.5,131.1
2605,125.0,170.4
2606,104.8,174.8
2607,74.8,178.4
2608,18.7,98.9
2609,64.5,163.2
2610,64.5,163.2
2611,60.3,161.6
2612,79.4,169.8
2613,52.6,156.3
2614,89.7,156.6
2615,89.7,156.6
2616,77.4,171.7
2617,108.6,177.7
2618,26.5,135.6
2619,63.6,169.5
2620,63.6,169.5
2621,15.2,104.6
2622,15.2,104.6
2623,115.6,175.1
2624,19.5,114.7
2625,84.6,167.9
2626,23.8,120.0
2627,79.9,163.9
2628,64.5,158.6
2629,78.1,167.3
2630,78.1,167.3
2631,78.1,167.3
2632,78.1,167.3
2633,78.1,167.3
2634,78.1,167.3
2635,72.4,170.4
2636,82.8,177.4
2637,150.1,168.6
2638,90.4,181.6
2639,19.6,116.3
2640,19.6,116.3
2641,73.1,174.5
2642,73.1,174.5
2643,66.7,152.3
2644,84.9,180.9
2645,70.0,166.2
2646,75.8,182.9
2647,108.0,179.7
2648,37.1,145.5
2649,67.3,156.8
2650,67.3,156.8
2651,119.3,153.8
2652,119.3,153.8
2653,81.3,175.0
2654,83.2,170.3
2655,95.2,166.6
2656,138.0,166.3
2657,21.2,117.3
2658,21.2,117.3
2659,60.0,155.3
2660,56.2,147.8
2661,56.2,147.8
2662,26.9,130.9
2663,37.9,152.9
2664,37.9,152.9
2665,131.4,167.1
2666,66.7,168.1
2667,69.1,161.8
2668,47.0,160.6
2669,47.0,160.6
2670,90.7,170.6
2671,90.7,170.6
2672,90.7,170.6
2673,24.2,111.4
2674,20.8,112.9
2675,108.3,179.6
2676,70.0,173.2
2677,70.0,173.2
2678,70.0,173.2
2679,67.9,159.0
2680,67.9,159.0
2681,99.9,169.1
2682,99.0,159.0
2683,99.0,159.0
2684,76.1,177.4
2685,49.6,155.6
2686,17.0,103.3
2687,62.4,172.7
2688,62.4,172.7
2689,162.0,172.6
2690,83.2,173.1
2691,108.9,169.9
2692,88.2,181.4
2693,70.8,169.5
2694,16.2,103.7
2695,16.2,102.8
2696,65.1,162.5
2697,125.5,179.2
2698,57.6,163.8
2699,57.6,163.8
2700,57.6,163.8
2701,68.2,171.4
2702,105.8,177.5
2703,105.8,177.5
2704,105.8,177.5
2705,105.8,177.5
2706,105.8,177.5
2707,121.1,160.3
2708,121.1,160.3
2709,63.1,161.5
2710,87.6,178.3
2711,87.6,178.3
2712,45.3,152.6
2713,45.3,152.6
2714,10.0,
2715,115.9,188.8
2716,115.9,188.8
2717,115.9,188.8
2718,97.6,155.3
2719,62.9,165.5
2720,62.9,165.5
2721,62.9,165.5
2722,13.7,88.1
2723,71.0,153.3
2724,23.1,123.4
2725,87.5,162.5
2726,10.2,
2727,10.2,
2728,59.4,149.2
2729,73.5,164.5
2730,66.4,170.3
2731,106.8,182.3
2732,106.8,182.3
2733,88.1,166.4
2734,100.4,162.9
2735,100.4,162.9
2736,100.4,162.9
2737,100.4,162.9
2738,100.4,162.9
2739,68.0,163.1
2740,68.0,163.1
2741,68.0,163.1
2742,76.2,171.9
2743,70.8,175.0
2744,76.4,164.8
2745,95.3,168.8
2746,105.9,160.3
2747,124.9,169.7
2748,124.9,169.7
2749,124.9,169.7
2750,88.7,165.1
2751,88.7,165.1
2752,20.4,117.7
2753,15.2,101.2
2754,37.1,151.2
2755,88.5,171.3
2756,60.5,168.2
2757,60.5,168.2
2758,72.0,166.8
2759,61.9,165.2
2760,73.8,179.5
2761,73.8,179.5
2762,69.3,171.3
2763,97.0,157.4
2764,97.0,157.4
2765,97.0,157.4
2766,67.4,159.8
2767,67.4,159.8
2768,88.9,164.8
2769,54.5,162.2
2770,54.5,162.2
2771,49.2,161.0
2772,49.2,161.0
2773,95.8,153.9
2774,59.2,159.6
2775,52.5,159.7
2776,38.6,
2777,46.4,145.6
2778,77.9,155.6
2779,23.2,122.4
2780,10.3,
2781,25.8,122.0
2782,50.3,152.0
2783,83.6,164.9
2784,156.4,185.5
2785,61.9,161.8
2786,22.2,110.6
2787,82.8,170.4
2788,87.4,185.9
2789,75.9,161.8
2790,75.9,161.8
2791,70.0,184.3
2792,70.0,184.3
2793,70.0,184.3
2794,40.4,151.3
2795,101.9,180.3
2796,101.9,180.3
2797,101.9,180.3
2798,77.9,180.8
2799,93.0,166.0
2800,30.6,129.3
2801,75.0,174.2
2802,75.0,174.2
2803,75.0,174.2
2804,10.9,
2805,112.7,172.9
2806,70.1,163.0
2807,82.4,164.1
2808,82.4,164.1
2809,78.4,163.7
2810,78.4,163.7
2811,86.7,179.4
2812,50.3,156.3
2813,50.3,156.3
2814,105.3,172.4
2815,96.6,174.2
2816,21.5,118.8
2817,38.2,157.9
2818,118.1,182.5
2819,23.9,121.9
2820,32.5,136.0
2821,72.9,162.5
2822,65.0,177.4
2823,46.5,156.7
2824,46.5,156.7
2825,57.9,168.8
2826,107.1,174.2
2827,107.1,174.2
2828,38.5,130.1
2829,21.6,119.3
2830,108.8,183.7
2831,90.3,171.8
2832,95.4,185.9
2833,110.7,168.1
2834,110.7,168.1
2835,74.5,176.6
2836,65.5,151.9
2837,74.5,164.0
2838,62.0,166.5
2839,100.6,156.1
2840,100.6,156.1
2841,64.8,166.7
2842,64.8,166.7
2843,64.8,166.7
2844,53.3,146.7
2845,105.4,162.4
2846,17.4,102.4
2847,104.0,153.3
2848,47.4,160.1
2849,52.5,150.3
2850,46.4,146.4
2851,105.3,183.5
2852,53.6,168.3
2853,85.2,170.1
2854,51.5,152.5
2855,51.5,152.5
2856,51.5,152.5
2857,69.9,159.0
2858,64.5,164.2
2859,64.5,164.2
2860,66.0,164.0
2861,66.0,164.0
2862,66.0,164.0
2863,66.0,164.0
2864,66.0,164.0
2865,57.6,161.3
2866,65.1,163.1
2867,90.8,178.2
2868,90.8,178.2
2869,12.2,
2870,94.9,158.4
2871,94.9,158.4
2872,23.7,124.7
2873,23.7,124.7
2874,23.7,124.7
2875,68.8,162.8
2876,41.4,163.5
2877,89.6,173.0
2878,89.6,173.0
2879,68.3,163.2
2880,68.3,163.2
2881,79.9,164.8
2882,52.9,157.4
2883,68.3,168.8
2884,68.3,168.8
2885,77.9,172.0
2886,76.3,164.5
2887,76.3,164.5
2888,76.1,189.5
2889,76.1,189.5
2890,,
2891,88.8,174.0
2892,88.8,174.0
2893,88.8,174.0
2894,167.6,185.5
2895,167.6,185.5
2896,65.6,173.6
2897,65.6,173.6
2898,65.6,173.6
2899,61.7,179.4
2900,45.3,150.5
2901,100.2,173.8
2902,100.2,173.8
2903,100.2,173.8
2904,100.2,173.8
2905,62.0,171.5
2906,62.0,171.5
2907,62.0,171.5
2908,75.8,166.3
2909,50.6,158.7
2910,91.0,182.8
2911,91.0,182.8
2912,36.1,142.3
2913,68.6,167.1
2914,68.6,167.1
2915,70.5,165.5
2916,57.0,157.4
2917,28.5,131.5
2918,76.8,158.2
2919,58.6,161.4
2920,94.6,188.2
2921,94.6,188.2
2922,89.0,169.1
2923,53.3,166.9
2924,44.0,160.6
2925,76.5,155.4
2926,82.8,174.1
2927,27.7,124.5
2928,65.7,164.5
2929,65.7,164.5
2930,56.0,159.4
2931,56.0,159.4
2932,55.4,170.9
2933,55.4,170.9
2934,71.3,161.4
2935,79.5,172.9
2936,79.5,172.9
2937,105.5,157.2
2938,76.4,154.2
2939,91.7,171.9
2940,12.7,
2941,46.1,154.4
2942,45.9,156.6
2943,45.9,156.6
2944,56.2,169.9
2945,56.2,169.9
2946,67.6,165.6
2947,22.1,121.5
2948,76.3,171.1
2949,53.7,166.6
2950,61.5,163.6
2951,61.5,163.6
2952,56.2,171.0
2953,56.2,171.0
2954,53.5,174.3
2955,80.2,165.7
2956,140.1,157.0
2957,140.1,157.0
2958,106.7,188.3
2959,106.7,188.3
2960,106.7,188.3
2961,97.5,178.8
2962,97.5,178.8
2963,97.5,178.8
2964,133.9,173.6
2965,133.9,173.6
2966,133.9,173.6
2967,61.7,170.4
2968,61.7,170.4
2969,74.8,160.9
2970,74.8,160.9
2971,66.3,173.0
2972,70.7,166.6
2973,70.7,166.6
2974,70.7,166.6
2975,65.1,160.3
2976,65.1,160.3
2977,88.8,169.7
2978,37.9,136.4
2979,81.8,158.8
2980,55.8,160.6
2981,56.9,162.3
2982,104.9,170.9
2983,57.8,176.2
2984,30.6,132.0
2985,100.8,158.4
2986,100.8,158.4
2987,80.3,165.1
2988,70.9,173.1
2989,70.9,173.1
2990,71.9,164.8
2991,60.0,170.7
2992,105.5,190.6
2993,105.5,190.6
2994,82.7,165.4
2995,82.7,165.4
2996,82.7,165.4
2997,82.7,165.4
2998,82.7,165.4
2999,82.7,165.4
3000,47.4,162.2
3001,109.9,185.1
3002,65.5,167.7
3003,65.5,167.7
3004,63.7,163.4
3005,17.6,106.2
3006,17.6,106.2
3007,100.9,181.7
3008,100.9,181.7
3009,100.9,181.7
3010,100.9,181.7
3011,112.1,169.9
3012,50.0,156.0
3013,67.7,169.1
3014,61.7,156.3
3015,61.7,156.3
3016,59.8,163.2
3017,59.8,163.2
3018,59.8,163.2
3019,72.0,164.5
3020,54.3,152.0
3021,85.8,162.7
3022,83.2,172.4
3023,72.8,167.7
3024,68.0,175.1
3025,69.2,177.7
3026,12.8,87.8
3027,78.7,170.3
3028,73.1,180.0
3029,7.1,
3030,65.5,163.6
3031,65.5,163.6
3032,62.9,156.5
3033,92.1,170.9
3034,67.1,171.0
3035,67.1,171.0
3036,84.0,173.3
3037,86.2,170.8
3038,21.8,116.7
3039,21.8,116.7
3040,70.6,165.5
3041,76.9,175.7
3042,76.9,175.7
3043,30.8,133.6
3044,24.9,131.2
3045,109.3,173.5
3046,109.3,173.5
3047,99.8,180.5
3048,10.1,
3049,8.3,
3050,21.8,96.5
3051,89.1,148.4
3052,38.0,150.9
3053,88.0,181.2
3054,88.0,181.2
3055,89.4,175.3
3056,69.2,186.6
3057,69.2,186.6
3058,49.6,153.8
3059,77.0,180.4
3060,77.0,180.4
3061,75.4,164.1
3062,75.4,164.1
3063,75.4,164.1
3064,98.6,175.8
3065,82.8,186.0
3066,68.0,174.7
3067,68.0,174.7
3068,31.9,138.3
3069,31.9,138.3
3070,81.6,160.5
3071,81.6,160.5
3072,86.8,161.4
3073,109.4,165.3
3074,57.4,138.5
3075,57.4,138.5
3076,82.1,160.8
3077,31.8,142.9
3078,31.8,142.9
3079,88.9,169.8
3080,88.9,169.8
3081,63.7,165.1
3082,23.9,121.0
3083,85.0,169.6
3084,17.1,101.9
3085,57.8,165.7
3086,57.8,165.7
3087,83.2,174.2
3088,78.1,162.6
3089,89.2,179.8
3090,89.2,179.8
3091,77.3,151.2
3092,77.3,151.2
3093,77.3,151.2
3094,77.3,151.2
3095,28.3,133.2
3096,28.3,133.2
3097,28.3,133.2
3098,188.5,173.2
3099,64.0,163.0
3100,64.0,163.0
3101,88.1,161.0
3102,88.1,161.0
3103,88.1,161.0
3104,74.1,170.1
3105,74.1,170.1
3106,74.1,170.1
3107,74.1,170.1
3108,70.3,167.9
3109,54.4,160.4
3110,63.4,168.4
3111,25.5,127.1
3112,107.8,162.2
3113,107.8,162.2
3114,107.8,162.2
3115,53.4,164.3
3116,53.4,164.3
3117,53.4,164.3
3118,53.4,164.3
3119,88.8,166.9
3120,83.8,163.2
3121,91.1,179.6
3122,91.1,179.6
3123,91.1,179.6
3124,78.8,161.3
3125,78.8,161.3
3126,78.8,161.3
3127,92.4,159.3
3128,107.6,181.6
3129,107.6,181.6
3130,107.6,181.6
3131,107.6,181.6
3132,107.6,181.6
3133,87.3,168.4
3134,80.7,169.8
3135,80.7,169.8
3136,81.7,167.1
3137,55.4,165.4
3138,68.7,148.4
3139,83.9,167.7
3140,22.5,116.6
3141,22.5,116.6
3142,22.5,116.6
3143,81.1,165.4
3144,50.5,164.9
3145,131.3,186.8
3146,99.6,182.3
3147,107.4,175.3
3148,43.2,154.3
3149,43.2,154.3
3150,43.2,154.3
3151,71.8,172.0
3152,71.8,172.0
3153,78.1,163.1
3154,78.1,163.1
3155,78.1,163.1
3156,89.8,183.0
3157,73.1,169.3
3158,71.7,160.7
3159,29.1,133.7
3160,29.1,133.7
3161,70.7,173.2
3162,68.4,158.0
3163,8.8,
3164,70.3,159.1
3165,15.3,96.6
3166,46.5,159.0
3167,11.8,
3168,65.7,165.9
3169,11.3,
3170,118.0,165.6
3171,118.0,165.6
3172,63.8,171.4
3173,63.8,171.4
3174,63.8,169.0
3175,66.7,167.5
3176,83.0,159.6
3177,83.0,159.6
3178,51.0,167.8
3179,51.0,167.8
3180,51.0,167.8
3181,61.5,166.1
3182,61.5,166.1
3183,61.5,166.1
3184,58.2,167.1
3185,58.2,167.1
3186,58.2,167.1
3187,88.8,167.1
3188,112.4,190.5
3189,112.4,190.5
3190,112.4,190.5
3191,112.4,190.5
3192,14.2,89.5
3193,83.8,170.4
3194,83.8,170.4
3195,80.7,177.9
3196,80.7,177.9
3197,80.7,177.9
3198,80.7,177.9
3199,80.7,177.9
3200,115.6,167.6
3201,115.6,167.6
3202,115.6,167.6
3203,61.8,160.9
3204,108.1,181.8
3205,85.6,169.8
3206,18.8,116.0
3207,66.2,149.7
3208,98.7,175.3
3209,98.7,175.3
3210,62.5,165.6
3211,62.5,165.6
3212,62.5,165.6
3213,91.5,185.7
3214,91.5,185.7
3215,31.6,141.9
3216,31.6,141.9
3217,60.9,162.5
3218,60.9,162.5
3219,100.2,181.4
3220,100.2,181.4
3221,100.2,181.4
3222,61.5,160.8
3223,61.5,160.8
3224,61.5,160.8
3225,61.5,160.8
3226,82.1,153.6
3227,16.8,108.8
3228,87.1,172.6
3229,87.1,172.6
3230,69.0,178.4
3231,62.5,153.9
3232,62.5,153.9
3233,62.5,153.9
3234,66.1,166.8
3235,83.3,186.1
3236,83.3,186.1
3237,83.3,186.1
3238,83.3,186.1
3239,83.3,186.1
3240,83.3,186.1
3241,95.8,181.1
3242,95.8,181.1
3243,95.8,181.1
3244,16.4,112.5
3245,76.7,152.2
3246,76.7,152.2
3247,76.7,152.2
3248,60.3,153.0
3249,109.1,170.2
3250,30.7,139.5
3251,30.7,139.5
3252,65.2,162.5
3253,66.3,158.4
3254,66.3,158.4
3255,66.3,158.4
3256,66.3,158.4
3257,106.0,177.4
3258,21.5,113.3
3259,21.5,113.3
3260,67.5,163.7
3261,67.5,163.7
3262,67.5,163.7
3263,103.5,155.1
3264,103.5,155.1
3265,46.3,156.5
3266,23.8,124.6
3267,38.4,147.9
3268,56.5,171.8
3269,85.5,157.0
3270,88.1,158.2
3271,88.1,158.2
3272,88.1,158.2
3273,88.1,158.2
3274,20.2,116.7
3275,20.2,116.7
3276,134.1,165.7
3277,104.8,160.7
3278,47.7,161.0
3279,93.2,166.4
3280,75.3,180.2
3281,87.1,185.5
3282,84.9,178.4
3283,84.9,178.4
3284,74.2,167.3
3285,80.2,157.5
3286,80.2,157.5
3287,90.2,182.7
3288,40.0,150.3
3289,73.4,182.1
3290,73.4,182.1
3291,48.8,159.3
3292,105.5,184.7
3293,105.5,184.7
3294,73.5,172.9
3295,82.9,169.9
3296,63.7,175.2
3297,13.3,89.8
3298,27.6,115.3
3299,27.6,115.3
3300,80.0,188.0
3301,72.5,154.3
3302,72.5,154.3
3303,29.5,127.9
3304,62.3,170.4
3305,71.5,160.6
3306,71.5,160.6
3307,71.5,160.6
3308,71.5,160.6
3309,71.5,160.6
3310,70.3,153.7
3311,85.1,184.5
3312,63.4,160.7
3313,63.4,160.7
3314,71.6,168.3
3315,71.6,168.3
3316,85.8,162.2
3317,62.2,162.1
3318,62.2,162.1
3319,50.1,156.5
3320,78.3,166.2
3321,78.3,166.2
3322,78.9,153.3
3323,78.9,153.3
3324,68.2,172.6
3325,55.7,154.4
3326,55.7,154.4
3327,55.7,154.4
3328,81.8,176.6
3329,69.0,170.1
3330,69.0,170.1
3331,9.8,
3332,67.1,181.3
3333,67.1,181.3
3334,14.6,93.5
3335,81.7,171.2
3336,81.7,171.2
3337,33.5,142.2
3338,33.5,142.2
3339,80.9,172.5
3340,79.5,156.2
3341,25.2,118.4
3342,25.2,118.4
3343,63.8,157.1
3344,63.8,157.1
3345,55.2,163.4
3346,77.8,175.7
3347,77.8,175.7
3348,84.8,155.6
3349,105.1,177.2
3350,105.1,177.2
3351,105.1,177.2
3352,105.1,177.2
3353,105.1,177.2
3354,72.2,158.4
3355,58.2,151.4
3356,21.1,114.2
3357,116.2,166.3
3358,32.5,136.6
3359,32.5,136.6
3360,80.9,177.1
3361,80.9,177.1
3362,80.9,177.1
3363,80.9,177.1
3364,80.1,184.9
3365,35.9,154.7
3366,117.3,171.9
3367,117.3,171.9
3368,117.3,171.9
3369,117.3,171.9
3370,117.3,171.9
3371,107.6,183.5
3372,68.7,169.3
3373,83.0,173.6
3374,83.0,173.6
3375,83.0,173.6
3376,142.3,160.9
3377,73.8,179.7
3378,73.8,179.7
3379,73.8,179.7
3380,73.8,179.7
3381,119.1,183.8
3382,84.8,159.2
3383,13.2,100.4
3384,124.9,182.2
3385,54.6,148.8
3386,51.5,140.4
3387,83.8,166.4
3388,55.0,169.2
3389,55.0,169.2
3390,55.0,169.2
3391,55.0,169.2
3392,55.0,169.2
3393,86.1,192.8
3394,86.1,192.8
3395,86.1,192.8
3396,86.1,192.8
3397,86.1,192.8
3398,86.1,192.8
3399,69.2,176.0
3400,66.4,165.1
3401,62.2,176.0
3402,62.2,176.0
3403,68.6,165.9
3404,75.6,174.7
3405,27.2,132.2
3406,27.2,132.2
3407,79.9,174.0
3408,60.6,170.6
3409,72.0,161.8
3410,72.0,161.8
3411,72.0,161.8
3412,77.8,183.9
3413,84.2,168.5
3414,92.5,166.5
3415,113.3,169.5
3416,15.2,97.3
3417,69.3,159.6
3418,14.6,98.9
3419,10.7,
3420,114.2,181.0
3421,93.2,167.6
3422,14.4,92.3
3423,18.2,107.6
3424,48.5,144.4
3425,48.5,144.4
3426,46.3,136.0
3427,65.8,160.5
3428,88.7,176.6
3429,88.7,176.6
3430,88.7,176.6
3431,34.2,132.8
3432,79.3,145.9
3433,109.1,176.6
3434,109.1,176.6
3435,16.9,100.1
3436,136.8,176.4
3437,70.8,156.6
3438,50.6,159.8
3439,50.6,159.8
3440,54.1,157.7
3441,54.1,157.7
3442,54.1,157.7
3443,88.2,177.8
3444,13.7,98.6
3445,79.8,168.6
3446,79.8,168.6
3447,71.2,154.8
3448,71.2,154.8
3449,71.2,154.8
3450,71.2,154.8
3451,93.7,184.6
3452,93.7,184.6
3453,134.6,168.3
3454,89.0,174.3
3455,89.0,174.3
3456,89.0,174.3
3457,68.1,158.6
3458,68.1,158.6
3459,59.1,164.0
3460,100.7,170.8
3461,75.9,167.1
3462,19.8,99.6
3463,65.0,184.3
3464,104.0,167.8
3465,104.0,167.8
3466,93.4,180.8
3467,67.7,172.6
3468,67.7,172.6
3469,67.7,172.6
3470,74.3,156.0
3471,80.4,158.4
3472,80.4,158.4
3473,80.4,158.4
3474,80.4,158.4
3475,78.9,155.1
3476,67.0,150.5
3477,84.5,155.3
3478,61.7,169.1
3479,61.7,169.1
3480,57.5,156.7
3481,89.7,177.9
3482,70.3,162.9
3483,83.9,148.7
3484,80.2,162.1
3485,67.7,165.7
3486,67.5,158.7
3487,61.7,156.2
3488,59.6,160.3
3489,70.3,149.3
3490,70.3,149.3
3491,79.5,159.2
3492,61.7,159.6
3493,61.7,159.6
3494,61.7,159.6
3495,61.7,159.6
3496,80.5,165.2
3497,56.7,159.4
3498,14.4,92.8
3499,110.9,175.3
3500,110.9,175.3
3501,110.9,175.3
3502,110.9,175.3
3503,110.9,175.3
3504,98.4,166.0
3505,72.3,171.1
3506,82.2,163.1
3507,18.0,109.9
3508,85.8,166.0
3509,85.8,166.0
3510,85.8,166.0
3511,60.4,157.2
3512,80.0,159.6
3513,80.0,159.6
3514,113.4,176.9
3515,65.2,157.8
3516,55.3,168.7
3517,63.9,152.9
3518,63.9,152.9
3519,83.0,153.6
3520,22.3,118.5
3521,72.5,166.2
3522,10.9,
3523,83.9,171.8
3524,92.6,181.2
3525,92.6,181.2
3526,115.1,181.2
3527,72.5,165.4
3528,72.5,165.4
3529,86.4,173.2
3530,77.2,160.6
3531,77.2,160.6
3532,81.2,159.8
3533,10.0,
3534,16.5,106.0
3535,16.5,106.0
3536,16.5,106.0
3537,16.5,106.0
3538,57.3,169.1
3539,57.3,169.1
3540,57.3,169.1
3541,84.2,181.3
3542,49.1,153.9
3543,83.2,174.8
3544,78.6,165.5
3545,51.8,152.3
3546,83.9,170.4
3547,79.4,166.2
3548,73.0,164.4
3549,73.0,164.4
3550,33.1,119.5
3551,11.7,
3552,11.7,
3553,86.4,164.7
3554,88.6,166.4
3555,78.0,166.8
3556,78.0,166.8
3557,73.8,161.1
3558,73.8,161.1
3559,18.4,107.8
3560,87.0,173.3
3561,87.0,173.3
3562,62.5,168.4
3563,16.7,104.7
3564,16.7,104.7
3565,16.7,104.7
3566,62.3,153.5
3567,91.8,180.7
3568,60.1,160.8
3569,60.1,160.8
3570,60.1,160.8
3571,96.0,182.8
3572,96.0,182.8
3573,74.2,170.4
3574,19.6,109.5
3575,96.8,186.9
3576,80.3,174.7
3577,80.3,174.7
3578,80.3,174.7
3579,80.3,174.7
3580,33.6,139.2
3581,48.2,158.7
3582,48.2,158.7
3583,97.6,168.6
3584,68.9,159.7
3585,35.4,142.2
3586,69.0,162.6
3587,81.1,152.0
3588,78.4,152.3
3589,91.6,172.8
3590,42.4,150.4
3591,70.7,168.0
3592,70.7,168.0
3593,5.8,
3594,48.8,152.6
3595,36.1,143.5
3596,14.9,89.1
3597,187.5,164.8
3598,7.4,
3599,89.7,164.8
3600,34.0,133.7
3601,29.2,108.0
3602,25.8,123.5
3603,65.0,167.6
3604,61.5,169.8
3605,115.6,180.4
3606,12.6,89.4
3607,38.5,140.0
3608,72.8,147.9
3609,60.8,164.4
3610,60.8,164.4
3611,60.8,164.4
3612,60.8,164.4
3613,65.0,150.5
3614,65.0,150.5
3615,18.5,102.5
3616,72.6,173.6
3617,70.9,166.8
3618,15.0,98.1
3619,12.1,
3620,103.5,189.8
3621,63.0,176.1
3622,80.1,170.1
3623,80.1,170.1
3624,80.1,170.1
3625,80.1,170.1
3626,17.2,103.1
3627,84.9,172.9
3628,84.9,172.9
3629,,
3630,81.3,177.2
3631,98.5,170.7
3632,11.9,
3633,53.8,155.6
3634,53.8,155.6
3635,53.8,155.6
3636,10.8,
3637,74.0,168.1
3638,53.3,172.4
3639,61.9,167.0
3640,62.6,167.2
3641,92.1,179.5
3642,109.8,176.0
3643,86.7,184.3
3644,86.7,184.3
3645,74.5,153.2
3646,55.6,148.2
3647,91.2,171.3
3648,44.7,156.4
3649,79.2,152.2
3650,152.3,170.6
3651,77.3,175.4
3652,87.3,159.6
3653,83.2,174.9
3654,83.2,174.9
3655,79.1,177.1
3656,79.1,177.1
3657,79.1,177.1
3658,79.1,177.1
3659,37.6,142.1
3660,92.4,159.2
3661,85.6,157.3
3662,85.6,157.3
3663,85.6,157.3
3664,85.6,157.3
3665,89.3,173.5
3666,69.1,171.2
3667,69.1,171.2
3668,71.8,173.3
3669,63.5,162.5
3670,28.1,119.4
3671,91.5,166.5
3672,102.1,180.8
3673,81.7,151.9
3674,106.4,186.6
3675,82.1,166.6
3676,82.1,166.6
3677,88.9,173.6
3678,65.7,158.4
3679,65.7,158.4
3680,116.2,171.1
3681,116.2,171.1
3682,86.6,176.5
3683,57.7,163.1
3684,83.6,166.1
3685,107.1,166.4
3686,19.7,110.1
3687,19.7,110.1
3688,19.7,110.1
3689,19.7,110.1
3690,15.1,96.7
3691,56.8,171.4
3692,65.9,163.3
3693,108.1,190.2
3694,73.1,157.9
3695,65.4,158.8
3696,65.4,158.8
3697,65.4,158.8
3698,65.4,158.8
3699,89.9,169.1
3700,64.7,153.4
3701,63.1,156.7
3702,96.2,159.8
3703,96.2,159.8
3704,97.2,183.3
3705,27.1,127.8
3706,95.6,177.1
3707,53.1,158.1
3708,53.1,158.1
3709,101.8,162.8
3710,101.8,162.8
3711,86.3,161.6
3712,126.6,185.6
3713,126.6,185.6
3714,81.8,176.9
3715,81.8,176.9
3716,57.2,151.1
3717,89.2,174.3
3718,89.5,167.5
3719,89.5,167.5
3720,89.5,167.5
3721,70.5,161.8
3722,70.5,161.8
3723,70.5,161.8
3724,70.5,161.8
3725,68.8,180.8
3726,51.8,154.8
3727,15.3,97.7
3728,85.3,171.2
3729,85.3,171.2
3730,75.7,156.4
3731,6.2,
3732,6.2,
3733,6.2,
3734,54.5,157.8
3735,102.6,192.8
3736,102.6,192.8
3737,70.7,181.6
3738,70.7,181.6
3739,61.3,190.6
3740,61.3,190.6
3741,61.3,190.6
3742,61.3,190.6
3743,78.1,164.4
3744,78.1,164.4
3745,78.1,164.4
3746,78.1,164.4
3747,86.9,164.9
3748,110.1,179.8
3749,87.3,171.3
3750,54.2,168.9
3751,88.1,176.2
3752,62.7,176.2
3753,62.7,176.2
3754,62.7,176.2
3755,78.7,173.9
3756,64.6,165.7
3757,102.9,173.7
3758,102.9,173.7
3759,102.9,173.7
3760,102.9,173.7
3761,25.1,127.9
3762,41.3,142.7
3763,41.3,142.7
3764,79.6,178.1
3765,77.7,164.9
3766,106.5,189.2
3767,106.5,189.2
3768,106.5,189.2
3769,106.5,189.2
3770,106.5,189.2
3771,68.4,166.6
3772,108.6,190.8
3773,89.4,167.3
3774,56.5,180.7
3775,79.0,180.1
3776,79.0,180.1
3777,93.7,167.6
3778,70.2,168.2
3779,70.2,168.2
3780,58.6,165.0
3781,65.9,168.5
3782,65.9,168.5
3783,65.9,168.5
3784,65.9,168.5
3785,100.7,174.4
3786,64.9,153.3
3787,29.6,139.4
3788,5.9,
3789,82.3,166.3
3790,16.0,95.2
3791,90.3,167.1
3792,114.1,190.9
3793,60.4,
3794,70.7,171.1
3795,74.2,174.4
3796,59.0,157.4
3797,61.2,161.3
3798,40.0,148.0
3799,84.4,164.8
3800,84.4,164.8
3801,71.6,165.1
3802,67.6,163.1
3803,67.6,163.1
3804,67.6,163.1
3805,125.9,187.0
3806,89.8,183.8
3807,89.8,183.8
3808,106.2,176.6
3809,106.2,176.6
3810,106.2,176.6
3811,106.2,176.6
3812,106.2,176.6
3813,106.2,176.6
3814,106.2,176.6
3815,55.7,167.5
3816,73.2,153.3
3817,86.6,167.7
3818,86.6,167.7
3819,13.1,91.7
3820,76.0,152.9
3821,76.0,152.9
3822,76.0,152.9
3823,76.0,152.9
3824,76.0,152.9
3825,19.3,106.4
3826,109.0,168.2
3827,109.0,168.2
3828,51.7,142.4
3829,51.7,142.4
3830,51.7,142.4
3831,51.7,142.4
3832,51.7,142.4
3833,51.7,142.4
3834,70.9,157.5
3835,63.0,162.6
3836,35.4,149.1
3837,86.1,171.0
3838,86.1,171.0
3839,83.2,189.4
3840,111.1,177.6
3841,116.7,184.2
3842,120.8,173.8
3843,72.5,167.1
3844,17.0,102.8
3845,17.0,102.8
3846,78.6,176.9
3847,78.6,176.9
3848,78.6,176.9
3849,108.0,146.0
3850,75.9,155.8
3851,75.9,155.8
3852,12.0,
3853,87.8,170.5
3854,25.9,137.4
3855,20.2,113.4
3856,63.0,164.6
3857,63.0,164.6
3858,63.0,164.6
3859,81.7,179.5
3860,15.5,91.5
3861,15.5,91.5
3862,62.3,165.5
3863,100.1,166.3
3864,84.3,166.0
3865,84.3,166.0
3866,72.2,165.2
3867,105.0,174.4
3868,68.8,163.9
3869,68.8,163.9
3870,68.8,163.9
3871,68.8,163.9
3872,92.0,185.1
3873,92.0,185.1
3874,66.9,169.0
3875,66.9,169.0
3876,66.9,169.0
3877,26.6,130.6
3878,89.3,170.9
3879,118.1,152.3
3880,118.1,152.3
3881,61.7,172.9
3882,83.6,162.1
3883,60.6,167.0
3884,74.9,169.6
3885,74.9,169.6
3886,74.9,169.6
3887,52.5,164.2
3888,15.8,95.4
3889,53.8,136.2
3890,77.6,176.6
3891,20.0,114.8
3892,11.6,90.0
3893,65.5,178.2
3894,65.5,178.2
3895,65.5,178.2
3896,65.5,178.2
3897,18.8,112.5
3898,69.2,149.3
3899,64.3,159.9
3900,78.8,161.1
3901,91.0,175.0
3902,91.0,175.0
3903,91.0,175.0
3904,82.4,165.6
3905,82.4,165.6
3906,53.1,164.5
3907,22.2,123.1
3908,125.1,166.1
3909,125.1,166.1
3910,7.7,
3911,7.7,
3912,54.0,173.6
3913,29.1,137.5
3914,80.7,170.0
3915,52.1,153.7
3916,11.8,
3917,19.3,120.9
3918,19.3,120.9
3919,52.6,162.9
3920,52.6,162.9
3921,69.0,174.6
3922,71.1,162.4
3923,90.6,164.3
3924,60.9,165.2
3925,74.4,161.2
3926,63.3,163.6
3927,63.3,163.6
3928,63.3,163.6
3929,63.3,163.6
3930,63.3,163.6
3931,30.5,108.7
3932,82.6,173.2
3933,51.2,159.0
3934,51.2,159.0
3935,51.2,159.0
3936,13.1,
3937,155.4,181.3
3938,63.1,167.5
3939,70.7,177.7
3940,90.0,185.2
3941,90.0,185.2
3942,27.7,125.0
3943,101.0,172.2
3944,104.5,173.1
3945,104.5,173.1
3946,128.5,176.2
3947,128.5,176.2
3948,128.5,176.2
3949,84.4,187.0
3950,84.4,187.0
3951,84.4,187.0
3952,89.8,178.5
3953,61.1,155.7
3954,76.3,163.3
3955,84.4,171.5
3956,65.1,164.6
3957,82.3,173.8
3958,13.9,
3959,62.1,186.9
3960,14.9,100.9
3961,62.2,163.3
3962,62.2,163.3
3963,65.8,161.6
3964,74.8,169.4
3965,81.3,160.3
3966,81.3,160.3
3967,80.4,176.1
3968,18.9,113.0
3969,18.9,113.0
3970,74.6,177.1
3971,74.6,177.1
3972,74.6,177.1
3973,74.6,177.1
3974,74.6,177.1
3975,87.7,163.5
3976,77.6,170.7
3977,63.1,175.5
3978,63.1,175.5
3979,55.5,159.0
3980,89.9,163.0
3981,89.9,163.0
3982,58.4,163.9
3983,58.4,163.9
3984,62.0,142.3
3985,103.6,185.1
3986,80.8,177.8
3987,80.8,177.8
3988,80.8,177.8
3989,46.7,172.2
3990,80.9,151.3
3991,83.2,166.6
3992,79.7,164.1
3993,88.5,182.0
3994,88.5,182.0
3995,88.5,182.0
3996,56.6,161.3
3997,79.5,166.9
3998,67.2,159.9
3999,17.9,109.4
4000,91.9,175.6
4001,91.9,175.6
4002,91.9,175.6
4003,59.9,160.7
4004,80.5,162.4
4005,80.5,162.4
4006,94.6,172.0
4007,62.1,162.9
4008,94.8,146.8
4009,14.0,98.4
4010,26.5,130.5
4011,26.5,130.5
4012,26.5,130.5
4013,26.5,130.5
4014,64.2,174.7
4015,50.0,149.0
4016,12.2,88.3
4017,76.4,173.1
4018,78.5,172.2
4019,116.1,157.6
4020,116.1,157.6
4021,116.1,157.6
4022,41.9,151.6
4023,56.2,149.2
4024,76.5,160.7
4025,44.7,154.6
4026,44.7,154.6
4027,44.7,154.6
4028,71.7,166.1
4029,71.7,166.1
4030,71.7,166.1
4031,71.7,166.1
4032,83.2,171.1
4033,92.2,179.5
4034,92.2,179.5
4035,92.2,179.5
4036,49.4,160.3
4037,49.4,160.3
4038,131.1,180.2
4039,131.1,180.2
4040,49.4,157.6
4041,64.8,150.8
4042,64.8,150.8
4043,184.5,170.7
4044,115.7,175.6
4045,91.1,168.0
4046,91.1,168.0
4047,16.3,97.3
4048,13.3,95.6
4049,66.0,165.2
4050,59.7,170.3
4051,59.7,170.3
4052,65.3,170.9
4053,70.6,159.8
4054,73.2,184.2
4055,74.3,153.0
4056,74.3,153.0
4057,74.3,153.0
4058,70.1,155.6
4059,56.1,166.5
4060,56.1,166.5
4061,55.8,167.4
4062,76.5,155.4
4063,60.8,165.6
4064,31.4,128.4
4065,20.6,107.7
4066,20.6,107.7
4067,85.5,184.1
4068,85.5,184.1
4069,85.5,184.1
4070,110.9,152.0
4071,20.9,121.2
4072,73.3,168.0
4073,73.3,168.0
4074,73.3,168.0
4075,94.5,172.0
4076,78.6,171.2
4077,34.7,155.1
4078,34.7,155.1
4079,34.7,155.1
4080,56.8,182.8
4081,27.4,131.0
4082,73.5,169.1
4083,73.5,169.1
4084,67.9,172.3
4085,125.7,169.8
4086,125.7,169.8
4087,125.7,169.8
4088,11.1,85.4
4089,82.8,167.4
4090,82.8,167.4
4091,82.8,167.4
4092,100.4,179.4
4093,93.0,173.4
4094,93.0,173.4
4095,14.8,91.5
4096,62.8,163.4
4097,62.8,163.4
4098,62.8,163.4
4099,62.8,163.4
4100,62.8,163.4
4101,42.6,144.4
4102,42.6,144.4
4103,103.7,180.3
4104,68.5,149.3
4105,68.5,149.3
4106,68.5,149.3
4107,86.6,169.9
4108,86.6,169.9
4109,6.2,
4110,64.1,181.7
4111,136.9,174.7
4112,97.1,178.5
4113,76.6,149.4
4114,76.6,149.4
4115,76.6,149.4
4116,86.2,165.5
4117,86.2,165.5
4118,86.2,165.5
4119,58.4,170.4
4120,61.7,168.0
4121,61.7,168.0
4122,60.9,177.7
4123,60.9,177.7
4124,14.4,101.3
4125,31.7,133.2
4126,71.5,165.2
4127,87.8,168.5
4128,87.8,168.5
4129,26.9,132.1
4130,60.4,176.3
4131,73.3,158.5
4132,89.1,177.9
4133,105.3,184.1
4134,105.3,184.1
4135,105.3,184.1
4136,62.0,153.0
4137,113.1,182.6
4138,113.1,182.6
4139,97.6,157.8
4140,87.6,153.9
4141,43.5,155.5
4142,87.3,172.1
4143,54.0,165.4
4144,54.0,165.4
4145,16.6,107.0
4146,55.1,156.0
4147,11.7,
4148,72.8,166.5
4149,72.8,166.5
4150,9.3,
4151,77.8,157.9
4152,77.8,157.9
4153,77.8,157.9
4154,12.7,
4155,75.9,174.1
4156,10.1,
4157,60.3,155.7
4158,49.3,162.4
4159,78.4,168.4
4160,42.5,146.5
4161,42.5,146.5
4162,42.5,146.5
4163,81.4,169.2
4164,53.1,163.9
4165,53.1,163.9
4166,53.1,163.9
4167,53.1,163.9
4168,69.1,154.8
4169,69.1,154.8
4170,70.0,166.9
4171,79.5,167.3
4172,56.0,158.4
4173,73.8,155.5
4174,27.8,130.1
4175,27.8,130.1
4176,69.2,177.1
4177,74.4,173.6
4178,74.4,173.6
4179,96.7,179.2
4180,96.7,179.2
4181,75.5,165.8
4182,75.5,165.8
4183,67.9,167.7
4184,58.1,157.8
4185,58.1,157.8
4186,58.1,157.8
4187,58.1,157.8
4188,58.1,157.8
4189,58.1,157.8
4190,58.1,157.8
4191,58.1,157.8
4192,50.9,168.1
4193,72.9,154.6
4194,,
4195,81.4,162.3
4196,28.8,129.3
4197,67.1,161.3
4198,58.5,157.4
4199,58.1,158.3
4200,70.1,163.6
4201,102.0,167.6
4202,59.5,168.8
4203,59.5,168.8
4204,59.5,168.8
4205,86.7,181.8
4206,86.7,181.8
4207,80.2,161.6
4208,62.5,173.4
4209,63.7,160.3
4210,16.4,102.6
4211,66.6,166.3
4212,31.7,138.8
4213,31.7,138.8
4214,101.3,176.1
4215,93.3,178.7
4216,93.3,178.7
4217,53.7,156.7
4218,53.7,156.7
4219,88.6,170.1
4220,67.4,159.9
4221,63.5,173.0
4222,63.5,173.0
4223,63.5,173.0
4224,63.5,173.0
4225,100.0,159.4
4226,99.5,164.5
4227,99.0,171.7
4228,99.0,171.7
4229,99.0,171.7
4230,77.5,180.0
4231,91.9,169.6
4232,91.9,169.6
4233,58.3,171.1
4234,58.3,171.1
4235,58.3,171.1
4236,58.3,171.1
4237,58.3,171.1
4238,55.9,149.6
4239,89.9,173.7
4240,89.9,173.7
4241,89.9,173.7
4242,61.4,164.7
4243,6.7,
4244,6.7,
4245,55.2,160.3
4246,108.3,173.1
4247,108.3,173.1
4248,108.3,173.1
4249,108.3,173.1
4250,90.1,175.4
4251,75.8,158.2
4252,56.2,160.2
4253,16.3,104.1
4254,17.1,103.8
4255,28.2,130.0
4256,198.7,157.0
4257,109.8,171.1
4258,71.3,151.8
4259,71.3,151.8
4260,71.3,151.8
4261,50.7,152.3
4262,54.9,163.1
4263,104.9,168.1
4264,104.9,168.1
4265,104.9,168.1
4266,98.2,173.4
4267,105.9,164.7
4268,87.9,165.8
4269,87.9,165.8
4270,87.9,165.8
4271,99.9,183.4
4272,55.7,157.8
4273,90.5,179.4
4274,71.1,152.8
4275,70.3,159.5
4276,82.0,176.6
4277,86.9,182.5
4278,83.6,165.0
4279,83.6,165.0
4280,83.6,165.0
4281,53.8,163.6
4282,77.4,180.7
4283,63.1,164.0
4284,62.6,160.0
4285,100.8,188.6
4286,74.5,159.3
4287,4.7,
4288,100.6,172.1
4289,100.6,172.1
4290,92.6,161.7
4291,92.6,161.7
4292,67.1,150.3
4293,15.8,105.1
4294,15.8,105.1
4295,15.8,105.1
4296,15.8,105.1
4297,87.7,186.4
4298,66.6,154.5
4299,66.6,154.5
4300,66.6,154.5
4301,66.6,154.5
4302,52.9,157.4
4303,49.6,155.0
4304,14.7,96.5
4305,64.4,164.3
4306,75.5,172.2
4307,90.3,172.2
4308,90.3,172.2
4309,90.3,172.2
4310,90.3,172.2
4311,12.8,
4312,27.5,133.3
4313,38.8,139.0
4314,110.0,183.7
4315,90.5,168.3
4316,90.5,168.3
4317,59.4,156.5
4318,62.9,150.1
4319,50.1,149.8
4320,110.9,173.8
4321,88.5,156.6
4322,88.5,156.6
4323,46.8,162.7
4324,66.0,177.7
4325,83.2,159.9
4326,83.2,159.9
4327,83.2,159.9
4328,30.0,136.1
4329,80.8,167.8
4330,110.1,176.1
4331,110.1,176.1
4332,110.1,176.1
4333,87.7,165.6
4334,87.7,165.6
4335,84.8,165.4
4336,84.8,165.4
4337,84.8,165.4
4338,84.8,165.4
4339,84.8,165.4
4340,84.8,165.4
4341,103.8,176.2
4342,103.8,176.2
4343,103.8,176.2
4344,77.7,161.8
4345,77.7,161.8
4346,57.2,159.5
4347,38.1,153.2
4348,90.5,165.4
4349,23.5,112.4
4350,23.5,112.4
4351,23.5,112.4
4352,23.5,112.4
4353,74.0,154.6
4354,78.7,152.0
4355,60.4,161.9
4356,19.1,106.5
4357,19.1,106.5
4358,19.1,106.5
4359,13.7,92.3
4360,84.5,166.9
4361,122.5,164.1
4362,78.4,175.3
4363,43.9,158.5
4364,43.9,158.5
4365,68.9,162.6
4366,72.0,157.7
4367,103.4,177.5
4368,65.3,181.1
4369,58.7,159.7
4370,58.7,159.7
4371,58.7,159.7
4372,58.7,159.7
4373,58.7,159.7
4374,58.8,158.3
4375,37.7,148.8
4376,86.6,180.8
4377,86.6,180.8
4378,35.4,142.6
4379,35.4,142.6
4380,62.4,179.5
4381,62.4,179.5
4382,81.6,168.2
4383,21.0,116.8
4384,125.8,162.5
4385,125.8,162.5
4386,82.7,175.1
4387,71.4,175.3
4388,83.0,171.1
4389,14.6,93.4
4390,66.1,159.6
4391,96.2,170.1
4392,67.6,159.7
4393,67.6,159.7
4394,67.6,159.7
4395,79.4,182.9
4396,79.4,182.9
4397,79.4,182.9
4398,66.5,174.9
4399,65.3,175.7
4400,65.3,175.7
4401,65.3,175.7
4402,105.2,174.2
4403,68.0,161.3
4404,77.4,163.6
4405,31.8,136.0
4406,61.4,152.0
4407,106.7,180.1
4408,106.7,180.1
4409,43.0,157.0
4410,43.0,157.0
4411,43.0,157.0
4412,75.5,173.1
4413,75.5,173.1
4414,79.4,175.7
4415,79.4,175.7
4416,79.4,175.7
4417,123.4,164.3
4418,123.4,164.3
4419,123.4,164.3
4420,123.4,164.3
4421,123.4,164.3
4422,90.3,185.8
4423,90.3,185.8
4424,,153.7
4425,,153.7
4426,,153.7
4427,79.0,178.2
4428,79.0,178.2
4429,79.0,178.2
4430,67.2,160.8
4431,110.1,174.8
4432,65.5,142.7
4433,60.0,153.0
4434,76.1,167.8
4435,83.0,169.1
4436,83.0,169.1
4437,5.3,
4438,,
4439,47.8,162.8
4440,109.9,190.5
4441,109.9,190.5
4442,82.8,179.2
4443,82.8,179.2
4444,82.8,179.2
4445,82.8,179.2
4446,100.1,178.3
4447,100.1,178.3
4448,100.1,178.3
4449,100.1,178.3
4450,58.1,162.9
4451,,
4452,,
4453,77.2,182.5
4454,77.2,182.5
4455,77.2,182.5
4456,31.8,143.4
4457,45.5,156.0
4458,45.5,156.0
4459,45.5,156.0
4460,45.5,156.0
4461,45.5,156.0
4462,45.5,156.0
4463,51.2,156.9
4464,71.0,176.0
4465,71.0,176.0
4466,50.1,150.6
4467,50.1,150.6
4468,50.1,150.6
4469,95.6,163.5
4470,95.6,163.5
4471,58.9,155.8
4472,94.8,175.1
4473,94.8,175.1
4474,94.8,175.1
4475,94.8,175.1
4476,58.5,160.9
4477,64.5,174.7
4478,64.5,174.7
4479,64.5,174.7
4480,99.4,167.6
4481,23.9,126.9
4482,85.5,172.8
4483,78.8,174.7
4484,78.8,174.7
4485,88.4,167.2
4486,26.0,114.0
4487,26.0,114.0
4488,65.7,170.8
4489,65.7,170.8
4490,105.1,170.6
4491,105.1,170.6
4492,56.1,162.0
4493,56.1,162.0
4494,56.1,162.0
4495,84.0,185.3
4496,84.0,185.3
4497,84.0,185.3
4498,59.6,152.0
4499,24.2,128.0
4500,24.2,128.0
4501,24.2,128.0
4502,26.4,126.3
4503,26.4,126.3
4504,57.7,171.4
4505,55.3,173.2
4506,69.6,168.6
4507,69.6,168.6
4508,82.6,170.3
4509,82.6,170.3
4510,77.5,160.8
4511,80.5,172.6
4512,78.0,180.9
4513,19.5,110.5
4514,19.5,110.5
4515,61.3,160.6
4516,61.3,160.6
4517,61.3,160.6
4518,102.6,160.8
4519,67.3,177.3
4520,67.3,177.3
4521,22.6,117.8
4522,93.3,174.9
4523,59.1,162.5
4524,116.7,172.3
4525,77.3,155.7
4526,77.3,155.7
4527,77.3,155.7
4528,77.3,155.7
4529,58.6,173.3
4530,17.0,100.9
4531,17.0,100.9
4532,17.0,100.9
4533,87.7,178.9
4534,87.7,178.9
4535,87.7,178.9
4536,87.7,178.9
4537,68.0,168.3
4538,52.7,160.8
4539,52.7,160.8
4540,99.5,179.4
4541,99.5,179.4
4542,59.1,158.3
4543,53.2,167.3
4544,28.5,122.9
4545,58.3,169.7
4546,58.3,169.7
4547,58.3,169.7
4548,62.4,168.6
4549,110.5,187.5
4550,65.3,157.8
4551,65.3,157.8
4552,50.7,168.8
4553,50.7,168.8
4554,20.0,111.6
4555,20.0,111.6
4556,83.6,163.3
4557,96.3,176.2
4558,58.3,157.9
4559,95.3,168.4
4560,95.3,168.4
4561,85.1,168.8
4562,85.1,168.8
4563,85.1,168.8
4564,34.2,141.0
4565,73.7,176.4
4566,113.7,183.5
4567,113.7,183.5
4568,113.7,183.5
4569,113.7,183.5
4570,39.3,144.3
4571,39.3,144.3
4572,54.7,157.6
4573,54.7,157.6
4574,57.2,155.5
4575,100.1,167.1
4576,61.5,156.7
4577,61.5,156.7
4578,61.5,156.7
4579,61.5,156.7
4580,92.6,165.5
4581,81.2,166.2
4582,81.2,166.2
4583,73.2,167.5
4584,71.8,154.9
4585,71.8,154.9
4586,89.9,155.8
4587,16.5,102.2
4588,68.0,174.8
4589,68.0,174.8
4590,68.0,174.8
4591,61.1,162.4
4592,59.1,169.7
4593,92.9,175.8
4594,77.5,154.9
4595,78.5,169.2
4596,78.5,169.2
4597,78.5,169.2
4598,78.5,169.2
4599,78.5,169.2
4600,67.1,165.9
4601,67.1,165.9
4602,67.1,165.9
4603,69.7,159.2
4604,100.9,173.8
4605,11.8,
4606,57.6,167.6
4607,57.6,167.6
4608,94.4,158.7
4609,92.3,191.3
4610,94.7,189.7
4611,99.7,181.2
4612,17.4,106.3
4613,75.3,165.0
4614,35.4,125.5
4615,66.9,163.0
4616,66.9,163.0
4617,66.9,163.0
4618,46.6,160.5
4619,18.1,108.1
4620,18.1,108.1
4621,76.2,163.1
4622,10.1,
4623,145.5,180.1
4624,60.3,169.6
4625,75.2,178.4
4626,75.2,178.4
4627,3.6,
4628,29.5,134.8
4629,29.5,134.8
4630,95.3,187.4
4631,95.3,187.4
4632,73.2,181.1
4633,58.0,166.9
4634,82.9,175.7
4635,82.9,175.7
4636,89.2,169.4
4637,89.2,169.4
4638,82.0,169.1
4639,82.0,169.1
4640,82.0,169.1
4641,76.9,167.7
4642,71.4,177.8
4643,71.4,177.8
4644,71.4,177.8
4645,84.8,181.9
4646,84.8,181.9
4647,13.0,
4648,50.4,154.6
4649,64.1,159.6
4650,71.5,164.7
4651,71.5,164.7
4652,58.7,164.7
4653,58.7,164.7
4654,64.5,175.1
4655,5.1,
4656,63.3,160.5
4657,58.8,165.7
4658,58.8,165.7
4659,60.9,171.2
4660,32.1,132.6
4661,100.2,190.3
4662,100.2,190.3
4663,100.2,190.3
4664,4.8,
4665,22.0,118.5
4666,94.7,175.3
4667,94.7,175.3
4668,94.7,175.3
4669,28.9,145.2
4670,28.9,145.2
4671,78.5,167.7
4672,74.8,183.2
4673,74.8,183.2
4674,67.8,163.1
4675,67.8,163.1
4676,67.8,163.1
4677,67.8,163.1
4678,67.8,163.1
4679,47.1,164.7
4680,42.5,157.2
4681,89.2,178.5
4682,62.0,166.0
4683,62.0,166.0
4684,62.0,166.0
4685,56.4,155.4
4686,53.8,151.8
4687,76.9,173.2
4688,76.9,173.2
4689,76.9,173.2
4690,52.5,155.2
4691,89.5,188.8
4692,44.4,156.5
4693,69.6,172.3
4694,69.6,172.3
4695,69.6,172.3
4696,76.9,173.9
4697,76.9,173.9
4698,76.9,173.9
4699,76.9,173.9
4700,57.3,165.7
4701,57.3,165.7
4702,81.9,155.6
4703,81.9,155.6
4704,81.9,155.6
4705,17.2,97.8
4706,64.1,167.3
4707,64.1,167.3
4708,61.1,152.2
4709,61.1,152.2
4710,119.8,190.7
4711,119.8,190.7
4712,119.8,190.7
4713,119.8,190.7
4714,119.8,190.7
4715,73.0,147.8
4716,110.7,162.7
4717,162.2,200.4
4718,162.2,200.4
4719,70.8,169.3
4720,70.8,169.3
4721,70.8,169.3
4722,70.8,169.3
4723,23.4,122.5
4724,43.7,144.2
4725,80.4,172.4
4726,21.9,120.6
4727,21.9,120.6
4728,61.7,143.2
4729,96.6,153.8
4730,61.8,162.6
4731,65.6,171.4
4732,91.2,175.5
4733,70.0,175.9
4734,70.0,175.9
4735,77.1,166.4
4736,77.1,166.4
4737,59.5,163.7
4738,53.4,145.6
4739,104.9,167.3
4740,79.1,163.2
4741,75.2,174.3
4742,62.0,173.4
4743,62.0,173.4
4744,66.5,155.6
4745,70.9,179.0
4746,37.9,149.4
4747,81.6,168.5
4748,81.6,168.5
4749,77.6,173.6
4750,73.3,184.3
4751,117.5,160.8
4752,88.7,178.2
4753,88.7,178.2
4754,43.5,163.3
4755,43.5,163.3
4756,43.5,163.3
4757,95.2,186.7
4758,58.7,163.0
4759,75.5,152.5
4760,18.1,106.9
4761,65.0,167.8
4762,74.8,185.1
4763,78.2,155.2
4764,141.4,176.7
4765,141.4,176.7
4766,141.4,176.7
4767,24.4,105.0
4768,15.2,99.5
4769,15.2,99.5
4770,35.1,141.8
4771,12.4,87.0
4772,88.7,166.7
4773,48.8,151.8
4774,75.9,174.4
4775,75.9,174.4
4776,73.5,165.9
4777,73.5,165.9
4778,49.9,162.4
4779,49.9,162.4
4780,8.1,
4781,16.4,105.2
4782,74.8,173.3
4783,74.8,173.3
4784,74.8,173.3
4785,69.8,149.1
4786,70.6,153.3
4787,94.4,179.5
4788,58.5,164.4
4789,110.4,165.8
4790,61.1,168.5
4791,92.9,177.7
4792,24.9,118.4
4793,49.0,154.1
4794,73.6,163.5
4795,47.6,159.3
4796,47.6,159.3
4797,96.8,187.2
4798,74.8,167.5
4799,65.3,170.8
4800,65.3,170.8
4801,65.3,170.8
4802,65.3,170.8
4803,65.3,170.8
4804,93.7,166.0
4805,97.8,170.3
4806,61.1,166.5
4807,65.6,160.7
4808,65.6,160.7
4809,63.3,166.6
4810,81.0,173.0
4811,100.9,169.1
4812,65.3,160.6
4813,81.2,173.6
4814,81.2,173.6
4815,81.2,173.6
4816,83.9,164.3
4817,83.2,169.4
4818,15.6,101.0
4819,15.6,101.0
4820,25.7,125.9
4821,48.8,154.4
4822,73.9,153.4
4823,91.3,172.7
4824,91.3,172.7
4825,91.3,172.7
4826,134.9,186.7
4827,134.9,186.7
4828,40.9,143.0
4829,45.0,164.3
4830,15.3,98.8
4831,15.3,98.8
4832,66.3,156.1
4833,74.3,178.7
4834,74.3,178.7
4835,50.9,159.6
4836,50.7,162.3
4837,50.7,162.3
4838,54.7,158.8
4839,89.7,171.5
4840,60.9,157.1
4841,71.9,165.0
4842,49.4,161.2
4843,49.4,161.2
4844,49.4,161.2
4845,70.1,171.1
4846,68.0,173.6
4847,44.2,151.0
4848,71.6,172.8
4849,54.8,170.2
4850,54.8,170.2
4851,54.8,170.2
4852,62.1,173.6
4853,29.5,133.5
4854,29.5,133.5
4855,57.7,160.0
4856,25.1,128.4
4857,25.1,128.4
4858,25.1,128.4
4859,18.5,105.9
4860,55.2,168.6
4861,55.2,168.6
4862,55.2,168.6
4863,73.8,176.2
4864,73.8,176.2
4865,73.8,176.2
4866,78.4,163.4
4867,78.4,163.4
4868,90.5,168.3
4869,23.1,128.8
4870,81.3,165.1
4871,81.3,165.1
4872,19.5,104.5
4873,61.7,141.7
4874,66.7,171.7
4875,66.7,171.7
4876,69.6,156.7
4877,69.6,156.7
4878,69.6,156.7
4879,86.4,178.8
4880,102.6,156.4
4881,102.6,156.4
4882,65.7,166.1
4883,8.6,
4884,81.3,164.3
4885,81.3,164.3
4886,81.3,164.3
4887,15.8,106.8
4888,86.8,174.3
4889,71.5,171.5
4890,71.5,171.5
4891,53.1,167.0
4892,77.1,173.1
4893,77.1,173.1
4894,71.8,166.3
4895,93.2,182.0
4896,110.2,169.1
4897,32.3,130.0
4898,39.5,151.8
4899,39.5,151.8
4900,68.2,173.2
4901,71.2,183.9
4902,60.6,154.5
4903,79.8,162.4
4904,92.0,170.3
4905,78.1,172.0
4906,72.8,163.6
4907,52.7,160.7
4908,57.9,154.4
4909,57.9,154.4
4910,70.0,158.6
4911,5.6,
4912,94.6,177.1
4913,79.3,182.8
4914,79.3,182.8
4915,60.6,172.6
4916,30.7,143.1
4917,77.9,192.9
4918,77.9,192.9
4919,77.9,192.9
4920,69.7,168.8
4921,69.7,168.8
4922,80.7,159.4
4923,87.7,181.7
4924,87.7,181.7
4925,22.0,114.8
4926,56.3,162.7
4927,56.3,162.7
4928,82.6,171.8
4929,129.7,178.5
4930,129.7,178.5
4931,18.8,108.0
4932,50.2,161.1
4933,94.3,182.3
4934,52.2,159.2
4935,103.2,146.7
4936,29.9,128.4
4937,76.7,173.2
4938,82.4,154.3
4939,82.4,154.3
4940,16.5,100.8
4941,65.4,161.5
4942,65.4,161.5
4943,,182.6
4944,,182.6
4945,75.9,183.7
4946,75.9,183.7
4947,102.6,181.0
4948,73.9,158.6
4949,21.4,111.9
4950,82.3,165.7
4951,17.1,100.7
4952,15.3,95.3
4953,89.5,173.7
4954,45.4,151.7
4955,20.0,106.8
4956,20.0,106.8
4957,20.0,106.8
4958,20.0,106.8
4959,56.3,157.5
4960,73.8,150.9
4961,73.8,150.9
4962,91.3,156.1
4963,48.8,158.2
4964,104.6,167.5
4965,120.2,168.4
4966,79.3,174.5
4967,79.3,174.5
4968,67.9,145.4
4969,62.9,173.3
4970,99.0,166.1
4971,99.0,166.1
4972,73.4,175.7
4973,73.4,175.7
4974,101.7,184.6
4975,85.5,173.6
4976,85.5,173.6
4977,85.5,173.6
4978,85.5,173.6
4979,113.9,173.6
4980,113.9,173.6
4981,113.9,173.6
4982,79.0,164.2
4983,94.1,181.7
4984,76.0,184.1
4985,106.6,168.6
4986,72.4,162.9
4987,70.3,154.7
4988,71.5,175.4
4989,71.5,175.4
4990,71.5,175.4
4991,88.7,159.0
4992,88.7,159.0
4993,92.3,177.3
4994,92.3,177.3
4995,92.3,177.3
4996,6.7,
4997,96.7,175.8
4998,78.4,168.8
4999,78.4,168.8
